channel,username,message,date,length,keyword_count,pattern_count,risk_score,_id
Moviesi,Moviesi,"Ù‚Ø³Ù…ØªÛŒ Ø§Ø² Ù†Ù…Ø§ÛŒØ´ Ù…Ø§Ù†ÛŒÙØ³Øª Ú†Ùˆ Ú©Ù‡ Ø³Ø§Ù„ Û±Û³Û¸Û· Ø¨Ù‡ Ú©Ø§Ø±Ú¯Ø±Ø¯Ø§Ù†ÛŒ Ù…Ø­Ù…Ø¯ Ø±Ø­Ù…Ø§Ù†ÛŒØ§Ù† Ùˆ Ø¨Ø§ Ù‡Ù†Ø±Ù…Ù†Ø¯ÛŒ ØªØ±Ø§ØªÙ‡ØŒ Ù…Ù‡ØªØ§Ø¨ Ù†ØµÛŒØ±Ù¾ÙˆØ±ØŒ Ø§Ø´Ú©Ø§Ù† Ø®Ø·ÛŒØ¨ÛŒØŒ Ø§ÙØ´ÛŒÙ† Ù‡Ø§Ø´Ù…ÛŒ Ùˆ Ù‡ÙˆÙ…Ù† Ø¨Ø±Ù‚ Ù†ÙˆØ±Ø¯ Ø¯Ø± Ú†Ø§Ø±Ø³Ùˆ Ø§Ø¬Ø±Ø§ Ø±ÙØª...

ğŸ†” @Moviesi",2025-03-14 18:13:38+00:00,173,0,0,-0.05388221682608929,67d4737409cc510e4c1c6609
Moviesi,Moviesi,"ğŸ¥Ú†Ù‡Ø±Ù‡ Ù‡Ø§ÛŒÛŒ Ø§Ø² Ù‡Ù†Ø± Ú©Ù‡ Ø§Ù…Ø³Ø§Ù„ Ø®Ø§Ù…ÙˆØ´ Ø´Ø¯Ù†Ø¯...ğŸ’”

ğŸ†” @Moviesi",2025-03-14 17:11:51+00:00,53,0,0,-0.13889823847432586,67d4737509cc510e4c1c660a
Moviesi,Moviesi,"Ø§Ø´ØªØ¨Ø§Ù‡ Ø¹Ø¬ÛŒØ¨ Ù…Ø­Ù…Ø¯ Ø¹Ù„ÛŒØ²Ø§Ø¯Ù‡ Ø¯Ø± Â«ØµØ¯Ø§ØªÙˆÂ»
ÙˆÙ‚ØªÛŒ Ú©Ù‡ Ø´Ø¹Ø± Ø±Ø§ Ø¨Ù„Ø¯ Ù†ÛŒØ³ØªÛŒØŒ Ø§Ù…Ø§ Ù…ÛŒâ€ŒØ®ÙˆØ§Ù‡ÛŒ Ø¨Ø®ÙˆØ§Ù†ÛŒ!

Ù…Ø­Ù…Ø¯ Ø¹Ù„ÛŒØ²Ø§Ø¯Ù‡ Ú©Ù‡ Ø¨Ù‡ Ø¹Ù†ÙˆØ§Ù† Ú©Ù…Ú©â€ŒÚ©Ù†Ù†Ø¯Ù‡ (Ù‡Ù„Ù¾Ø±) Ø¯Ø± ÙØµÙ„ Ø¬Ø¯ÛŒØ¯ Â«ØµØ¯Ø§ØªÙˆÂ» Ø­Ø¶ÙˆØ± Ø¯Ø§Ø±Ø¯ØŒ Ù…ØªØ£Ø³ÙØ§Ù†Ù‡ Ù†ØªÙˆØ§Ù†Ø³ØªÙ‡ Ø§Ù†ØªØ¸Ø§Ø±Ø§Øª Ø±Ø§ Ø¨Ø±Ø¢ÙˆØ±Ø¯Ù‡ Ú©Ù†Ø¯ Ùˆ Ø§Ø´ØªØ¨Ø§Ù‡Ø§Øª Ø²ÛŒØ§Ø¯ÛŒ Ø±Ø§ Ø¯Ø§Ø±Ø¯.

ÛŒÚ©ÛŒ Ø§Ø² Ø§ÛŒÙ† Ø§Ø´ØªØ¨Ø§Ù‡Ø§Øª Ø¨Ù‡ Ù‚Ø³Ù…Øª Ø¯ÙˆÙ… Ø¨Ø±Ù…ÛŒâ€ŒÚ¯Ø±Ø¯Ø¯Ø› Ø¬Ø§ÛŒÛŒ Ú©Ù‡ Ø®ÙˆØ§Ù†Ù†Ø¯Ù‡ Ø¬ÙˆØ§Ù†ØŒ Ø¨Ù‡ Ø®ÙˆØ¨ÛŒ Â«Ø¨Ù‡Ø§Ø± Ø¯Ù„Ú©Ø´Â» Ø±Ø§ Ù…ÛŒâ€ŒØ®ÙˆØ§Ù†Ø¯ Ùˆ Ø¹Ù„ÛŒØ²Ø§Ø¯Ù‡ Ù‡Ù…Ø±Ø§Ù‡Ø´ Ù…ÛŒâ€ŒØ´ÙˆØ¯. Ù…Ø­Ù…Ø¯ Ø¹Ù„ÛŒØ²Ø§Ø¯Ù‡ Ø´Ø¹Ø± Ø±Ø§ Ø­ÙØ¸ Ù†Ø¨ÙˆØ¯ Ùˆ Ø¨Ù‡â€ŒØ¬Ø§ÛŒ Â«Ø¨Ù‡Ø§Ø± Ø¯Ù„Ú©Ø´ Ø±Ø³ÛŒØ¯ Ùˆ Ø¯Ù„ Ø¨Ù‡ Ø¬Ø§ Ù†Ø¨Ø§Ø´Ø¯Â» Ø®ÙˆØ§Ù†Ø¯: Â«Ø¨Ù‡Ø§Ø± Ø¯Ù„Ú©Ø´ Ø±Ø³ÛŒØ¯Ù‡ ÙÚ©Ø± Ù…Ø§ Ù†Ø¨Ø§Ø´Ø¯!Â»

Ø§Ø­ØªÙ…Ø§Ù„Ø§ Ø´Ø¹Ø± Ø±Ø§ Ø¨Ø±Ø§ÛŒ Ø§Ùˆ Ø§Ø² Ú¯ÙˆØ´ÛŒ Ù…ÛŒâ€ŒØ®ÙˆØ§Ù†Ù†Ø¯ Ùˆ Ø¬Ø§ÛŒÛŒ Ú©Ù‡ ØµØ¯Ø§ Ù‚Ø·Ø¹ Ù…ÛŒâ€ŒØ´ÙˆØ¯ Ø¨Ù‡ Ù¾Ø³Ø± Ø¬ÙˆØ§Ù† Ù…ÛŒâ€ŒÚ¯ÙˆÛŒØ¯: Â«Ø¨Ø®ÙˆÙ†...Â»

ğŸ†” @Moviesi",2025-03-14 16:26:31+00:00,568,0,0,0.09035268539045072,67d4737509cc510e4c1c660b
Moviesi,Moviesi,"ğŸ“Œ ØªØµÙˆÛŒØ±ÛŒ Ø§Ø² Ø¬ÙˆØ§Ø¯ Ø¹Ø²ØªÛŒ Ø¯Ø± Ù†Ù…Ø§ÛŒÛŒ Ø§Ø² Ø³Ø±ÛŒØ§Ù„ Â«ÙˆØ­Ø´ÛŒÂ» 
Ø§Ø² Ø¯ÙˆØ´Ù†Ø¨Ù‡ Û²Ûµ ÙØ±ÙˆØ±Ø¯ÛŒÙ† Û±Û´Û°Û´ Ø¯Ø± ÙÛŒÙ„Ù…â€ŒÙ†Øª

ğŸ†” @Moviesi",2025-03-14 15:54:30+00:00,96,0,0,-0.09036182683466198,67d4737509cc510e4c1c660c
Moviesi,Moviesi,"ğŸ“¸ Ù…Ø­Ù…Ø¯Ø­Ø³ÛŒÙ† Ù…ÛŒØ«Ø§Ù‚ÛŒ Ø¨Ù‡ Ù‡Ù…Ø±Ø§Ù‡ Ù¾Ø³Ø±Ø´ Ø³Ø§Ù…...

ğŸ†” @Moviesi",2025-03-14 15:19:36+00:00,50,0,0,-0.14700833915290534,67d4737509cc510e4c1c660d
Moviesi,Moviesi,"Ù…Ø§Ù‡ Ø±Ù…Ø¶ÙˆÙ† Ø¨ÙˆØ¯Ù† Ùˆ Ø®Ø§Ø·Ø±Ù‡ Ø³Ø§Ø®ØªÙ† Ø¨Ø±Ø§Ù…ÙˆÙ† Ø§Ù…Ø§ Ø§Ù„Ø§Ù† Ù†ÛŒØ³ØªÙ†

ğŸ†” @Moviesi",2025-03-14 14:43:28+00:00,62,0,0,-0.15388358955784787,67d4737509cc510e4c1c660e
Moviesi,Moviesi,"ğŸŸ£ Ø¨ÙØ±Ø¯ 100 Ø¯Ø±ØµØ¯ÛŒ Ø¨Ø§ Ø§ÙˆÙ„ÛŒÙ† Ø´Ø±Ø·ğŸ’°ğŸ‘‘

ğŸ˜Ø¨Ø§ Ø¨ÙˆÙ†ÙˆØ³ Ø®ÙˆØ´â€ŒØ¢Ù…Ø¯Ú¯ÙˆÛŒÛŒ #Ø¨Ø±ÛŒâ€ŒØ¨Øª Ø§ÙˆÙ„ÛŒÙ† Ø´Ø±Ø· Ø®ÙˆØ¯ Ø±Ø§ #Ú©Ø§Ù…Ù„Ø§_Ø¨Ø¯ÙˆÙ†_Ø±ÛŒØ³Ú© Ø¨Ø¨Ù†Ø¯ÛŒØ¯ğŸ”¥
Ùˆ ğŸ’¯Ã—ğŸ’¯Ø¨Ø±Ù†Ø¯Ù‡ Ø´ÙˆÛŒØ¯ğŸ¥³ğŸ‘‘

ğŸ˜€Ø¨Ù‡ØªØ±ÛŒÙ† Ùˆ Ø¨Ø§Ù„Ø§ØªØ±ÛŒÙ† Ø¶Ø±Ø§Ø¦Ø¨ Ø¨ÛŒÙ† Ø±Ù‚Ø¨Ø§ğŸ¦…
 ğŸ“¥Ø¨Ø§Ù„Ø§ØªØ±ÛŒÙ† Ø³Ø±Ø¹Øª Ø§Ù†ØªÙ‚Ø§Ù„ Ø¨Ø±Ø¯Ø§Ø´ØªğŸ‘‘

ğŸ¦ÙˆØ±ÙˆØ¯ Ø¨Ù‡ Ø³Ø§ÛŒØª : ğŸ‘‡g24
â­ï¸ https://weplbiofr.shop/fa/affiliates/?btag=914641_l303106
ğŸ‘‘ Ú©Ø§Ù†Ø§Ù„ Ù…Ø§ğŸ‘‡
â­ï¸ https://t.me/BerryBetOfficial",2025-03-14 14:43:08+00:00,317,0,0,-0.07481979385050247,67d4737509cc510e4c1c660f
Moviesi,Moviesi,"Ø§ÙˆÙ Ø¢Ø´ØºØ§Ù„Ø§ÛŒ Ù†Ù…Ø§ÛŒØ´ Ø®Ø§Ù†Ú¯ÛŒ Ø¨Ø±ÛŒØ¯ Ú©Ù†Ø§Ø± ØªÛŒØ²Ø± ÙˆØ­Ø´ÛŒ Ø§ÙˆÙ…Ø¯ğŸ”¥


ğŸ†” @Moviesi",2025-03-14 14:01:47+00:00,62,0,0,-0.15388358955784787,67d4737509cc510e4c1c6610
Moviesi,Moviesi,"Ú©Ø³Ø¨ Ø¯Ø±Ø¢Ù…Ø¯ Ø¯Ù„Ø§Ø±ÛŒ Ø¨Ø§ Ø§Ø®Ø° Ù†Ù…Ø§ÛŒÙ†Ø¯Ú¯ÛŒ ØªÙˆÙ„ÛŒØ¯ Ù…ØµØ§Ù„Ø­ Ø³Ø§Ø®ØªÙ…Ø§Ù†ÛŒ Ø§Ø² Ú¯Ø±ÙˆÙ‡ ØµÙ†Ø¹ØªÛŒ ÙÛŒØ¨Ùˆ

ğŸ”¸ØªØ§Ù…ÛŒÙ† Ø±Ø§ÛŒÚ¯Ø§Ù† Ù…ÙˆØ§Ø¯ Ø§ÙˆÙ„ÛŒÙ‡
ğŸ”¸Ù¾Ø±Ø¯Ø§Ø®Øª Ø¯Ø³ØªÙ…Ø²Ø¯ Ø¯Ù„Ø§Ø±ÛŒ Ù…Ø§Ù‡Ø§Ù†Ù‡
ğŸ”¸Ù…Ø³Ø¦ÙˆÙ„ÛŒØª ØµØ¯ Ø¯Ø± ØµØ¯ ÙØ±ÙˆØ´ Ùˆ Ø¨Ø§Ø²Ø§Ø±ÛŒØ§Ø¨ÛŒ Ù…Ø­ØµÙˆÙ„ Ø¨Ø§ ÙÛŒØ¨Ùˆ

Ø¨Ø±Ø§ÛŒ Ø¯Ø±ÛŒØ§ÙØª Ù…Ø´Ø§ÙˆØ±Ù‡ Ø±Ø§ÛŒÚ¯Ø§Ù† Ùˆ Ø§Ø·Ù„Ø§Ø¹ Ø§Ø² Ø³Ø±Ù…Ø§ÛŒÙ‡ Ø§ÙˆÙ„ÛŒÙ‡ Ùˆ Ø´Ø±Ø§ÛŒØ· Ø§Ø®Ø° Ù†Ù…Ø§ÛŒÙ†Ø¯Ú¯ÛŒØŒ Ø¯Ø± Ù„ÛŒÙ†Ú© Ø²ÛŒØ± Ø«Ø¨Øª Ù†Ø§Ù… Ú©Ù†ÛŒØ¯:

ğŸ”— https://B2n.ir/Ads4

Â²â´",2025-03-14 14:01:25+00:00,300,0,0,-0.11344384224125559,67d4737609cc510e4c1c6611
Moviesi,Moviesi,"ğŸ¥Ø§Ø¹ØªØ±Ø§Ù ØªÙ„Ø® Ø±Ø¶Ø§ ÙÛŒØ§Ø¶ÛŒ Ø¨Ø§Ø²ÛŒÚ¯Ø± Ù‚Ø¯ÛŒÙ…ÛŒ Ø±ÙˆÛŒ Ø¢Ù†ØªÙ† Ø²Ù†Ø¯Ù‡ 
:
Ù…Ù† ÛŒÚ© Ù¾Ø¯Ø± Ù†Ø§Ù…Ù‡Ø±Ø¨Ø§Ù† Ù‡Ø³ØªÙ… ... Ù…Ù† Ø¨Ù‡ Ù¾Ø³Ø±Ù… Ø¯Ø± Ú©ÙˆØ¯Ú©ÛŒ Ø²ÙˆØ± Ú¯ÙØªÙ… ØŒ ØªØ­Ù‚ÛŒØ±Ø´ Ú©Ø±Ø¯Ù… Ùˆ Ú©ØªÚ©Ø´ Ø²Ø¯Ù…!

ğŸ†” @Moviesi",2025-03-14 09:52:38+00:00,146,0,0,-0.06333817116104035,67d4737609cc510e4c1c6612
Moviesi,Moviesi,"ğŸ¥ Ø¨Ø±Ù†Ø§Ù…Ù‡ Â«Ù…Ù…ÛŒØ²ÛŒÂ»
ğŸ­ ÙØµÙ„ Û´ (Ù‚Ø³Ù…Øª Û±Ûµ)
ğŸ Ú©ÛŒÙÛŒØª: 480p

ğŸ†” @Moviesi",2025-03-14 06:04:57+00:00,60,0,0,-0.15364433227032281,67d4737609cc510e4c1c6613
Moviesi,Moviesi,"ğŸ¥ Ø¨Ø±Ù†Ø§Ù…Ù‡ Â«Ù…Ù…ÛŒØ²ÛŒÂ»
ğŸ­ ÙØµÙ„ Û´ (Ù‚Ø³Ù…Øª Û±Ûµ)
ğŸ Ú©ÛŒÙÛŒØª: 720p

ğŸ†” @Moviesi",2025-03-14 06:04:46+00:00,60,0,0,-0.15364433227032281,67d4737609cc510e4c1c6614
Moviesi,Moviesi,"ğŸ¦Ù¾Ø±Ø³Ù¾ÙˆÙ„ÛŒØ³ğŸ”¹ Ù…Ù„ÙˆØ§Ù†ğŸ¦

ğŸ†Ù¾ÛŒØ´Ø¨ÛŒÙ†ÛŒ Ù…Ø³Ø§Ø¨Ù‚Ø§Øª ÙÙˆØªØ¨Ø§Ù„ Ø¯Ø± #Ø¨Ø±ÛŒâ€ŒØ¨ØªğŸ†

0ï¸âƒ£1ï¸âƒ£ğŸ˜€ Ø´Ø±Ø· #Ø±Ø§ÛŒÚ¯Ø§Ù† Ø¯Ø±ØµÙˆØ±Øª Ù†Ø§Ù…ÙˆÙÙ‚ Ø¨ÙˆØ¯Ù† Ø´Ø±Ø·
ğŸ‘‘Ø¨Ø§Ù„Ø§ØªØ±ÛŒÙ† Ø³Ø±Ø¹Øª Ø§Ù†ØªÙ‚Ø§Ù„ Ø¨Ø±Ø¯Ø§Ø´Øªâ€Œ
ğŸ’²Û·Ùª Ø´Ø§Ø±Ú˜ Ø¨ÛŒØ´ØªØ± Ø¨Ø±Ø§ÛŒ Ø´Ø§Ø±Ú˜ Ø¨Ø§ Ø±ÙˆØ´ Ø±Ù…Ø²Ø§Ø±Ø²
ğŸ‘‘Ù…Ø¬Ù‡Ø² Ø¨Ù‡ Ø³ÛŒØ³ØªÙ… Ù¾ÛŒ Ø§Ø³ ÙˆÙˆÚ†Ø±ğŸ‘‘

 ğŸ‘¨â€ğŸ’»Ø§Ø¯Ø±Ø³ Ø³Ø§ÛŒØª:
ğŸ“± https://weplbiofr.shop/fa/affiliates/?btag=914641_l303106
ğŸ¦ Ú©Ø§Ù†Ø§Ù„ ØªÙ„Ú¯Ø±Ø§Ù…: r24
ğŸ“±https://t.me/BerryBetOfficial",2025-03-14 06:04:31+00:00,321,0,0,-0.06258180596107521,67d4737609cc510e4c1c6615
Moviesi,Moviesi,"ğŸ¥ Ø¨Ø±Ù†Ø§Ù…Ù‡ Â«Ù…Ù…ÛŒØ²ÛŒÂ»
ğŸ­ ÙØµÙ„ Û´ (Ù‚Ø³Ù…Øª Û±Ûµ)
ğŸ Ú©ÛŒÙÛŒØª: 1080p

ğŸ†” @Moviesi",2025-03-14 06:03:58+00:00,61,0,0,-0.14837802898079672,67d4737609cc510e4c1c6616
Moviesi,Moviesi,"ğŸ”®Ø·Ù„Ø³Ù… Ø¯ÙØ¹ Ø¨ÛŒÙ…Ø§Ø±ÛŒğŸª„
ğŸ’’Ø¨Ø§Ø²Ú¯Ø´Øª Ù…Ø¹Ø´ÙˆÙ‚ Ùˆ Ø¨Ø®Øª Ú¯Ø´Ø§ÛŒÛŒ Ùˆ Ø±Ø¶Ø§ÛŒØª Ø®Ø§Ù†ÙˆØ§Ø¯Ù‡ğŸ’
ğŸ’µØ·Ù„Ø³Ù… Ù…ÙØªØ§Ø­ Ø§Ù„Ù†Ù‚ÙˆØ¯ Ø¬Ø°Ø¨ Ø«Ø±ÙˆØª Ùˆ Ù…Ø´ØªØ±ÛŒ ğŸ’
ğŸ§¿Ø¨Ø§Ø·Ù„ Ø§Ù„Ø³Ø­Ø± Ø§Ø¹Ø¸Ù… Ùˆ Ø¯ÙØ¹ Ù‡Ù…Ø²Ø§Ø¯ Ùˆ Ú†Ø´Ù… Ø²Ø®Ù… 
â¤ï¸â€ğŸ”¥Ø²Ø¨Ø§Ù†Ø¨Ù†Ø¯ Ùˆ Ø´Ù‡ÙˆØª Ø¨Ù†Ø¯ Ø¯Ø± Ø¨Ø±Ø§Ø¨Ø± Ø®ÛŒØ§Ù†Øªâ¤ï¸â€ğŸ”¥

âœ…ØªÙ…Ø§Ù…ÛŒ Ú©Ø§Ø±Ù‡Ø§ Ø¨Ø§ Ø¶Ù…Ø§Ù†Øª Ù†Ø§Ù…Ù‡ Ú©ØªØ¨ÛŒ Ùˆ Ù…Ù‡Ø± ÙØ±ÙˆØ´Ú¯Ø§Ù‡
ğŸ”´ Ù„ÛŒÙ†Ú© Ú©Ø§Ù†Ø§Ù„ Ùˆ Ø§Ø±ØªØ¨Ø§Ø· Ø¨Ø§ Ø§Ø³ØªØ§Ø¯ğŸ‘‡
https://t.me/telesmohajat
ğŸ’«Ú¯Ø±Ù‡ Ú¯Ø´Ø§ÛŒÛŒØŒØ­Ø§Ø¬Øª Ø±ÙˆØ§ÛŒÛŒ Ùˆ Ø¯Ø±Ù…Ø§Ù† Ù†Ø§Ø¨Ø§Ø±ÙˆØ±ÛŒ Ø²ÙˆØ¬ÛŒÙ† Ø¯Ø± Ø³Ø±ÛŒØ¹ØªØ±ÛŒÙ† Ø²Ù…Ø§Ù† É™ğŸ¦‹Â²â´
ğŸ‘¤Ù…Ø´Ø§ÙˆØ±Ù‡ Ø±Ø§ÛŒÚ¯Ø§Ù† Ø¨Ø§ Ø§Ø³ØªØ§Ø¯ Ø³ÛŒØ¯ Ø­Ø³ÛŒÙ†ÛŒğŸ‘‡
ğŸ†”@ostad_seyed_hoseyni
â˜ï¸Â  09213313730  
â˜¯ @telesmohajat",2025-03-14 06:03:41+00:00,443,0,0,-0.07829448432849989,67d4737609cc510e4c1c6617
Moviesi,Moviesi,"â˜‘ï¸ Ø¯Ø§Ù†Ù„ÙˆØ¯ Ù‚Ø³Ù…Øª Û±Ûµ ÙØµÙ„ Û´ Ø¨Ø±Ù†Ø§Ù…Ù‡ Â«Ù…Ù…ÛŒØ²ÛŒÂ»
ğŸ”° Ú˜Ø§Ù†Ø±: ØªØ§Ú© Ø´Ùˆ | Ú©Ù…Ø¯ÛŒ
ğŸ“† Ø³Ø§Ù„ ØªÙˆÙ„ÛŒØ¯: 1403
ğŸ“† Ø³Ø§Ù„ Ø§Ù†ØªØ´Ø§Ø±: 1403
ğŸ‘¥ Ø¨Ø§Ø²ÛŒÚ¯Ø±Ø§Ù†: ÙˆØ­ÛŒØ¯ Ø¢Ù‚Ø§Ù¾ÙˆØ± Ùˆ Ø­Ø§Ù…Ø¯ Ø¬ÙˆØ§Ø¯Ø²Ø§Ø¯Ù‡
ğŸ‘¤ Ú©Ø§Ø±Ú¯Ø±Ø¯Ø§Ù†: Ø­Ø§Ù…Ø¯ Ø¬ÙˆØ§Ø¯Ø²Ø§Ø¯Ù‡
ğŸŒ€ Ø¯Ø±Ø¨Ø§Ø±Ù‡ Ø¨Ø±Ù†Ø§Ù…Ù‡: Ø¨Ù‡Ø§Ø± Û±Û´Û°Û´ Ù‚Ø±Ø§Ø±Ù‡ Ø§ØªÙØ§Ù‚ÛŒ Ø¨ÛŒÙØªÙ‡ØŸ

ğŸ“¥ 1080p (328 MB)
ğŸ“¥ 720p (155 MB)
ğŸ“¥ 480p (70 MB)
ğŸ“¥ 360p (47 MB)

#Ù…Ù…ÛŒØ²ÛŒ
ğŸ†” @Moviesi",2025-03-14 06:03:08+00:00,293,0,0,-0.08874042276348637,67d4737609cc510e4c1c6618
Moviesi,Moviesi,"Ø®ØªÙ…Ù Ú†Ø§Ù„Ø´...

ğŸ†” @Moviesi",2025-03-13 19:48:42+00:00,24,0,0,-0.048878242560664975,67d4737609cc510e4c1c6619
Moviesi,Moviesi,"Ø­Ø³ÛŒÙ† ØªÙˆØ´Ù‡ Ø¨Ø§Ø²ÛŒÚ¯Ø± Ø®ÙˆØ¨ Ø³ÛŒÙ†Ù…Ø§ Ùˆ ØªÙ„ÙˆÛŒØ²ÛŒÙˆÙ† Ú©Ø´ÙˆØ±Ù…ÙˆÙ† Ú©Ù‡ Ú†Ù† ÙˆÙ‚ØªÛŒ Ø¨ÙˆØ¯ Ø¯Ø± Ø¨Ø³ØªØ± Ø¨ÛŒÙ…Ø§Ø±ÛŒ Ø¨ÙˆØ¯ØŒØ¯Ø§Ø± ÙØ§Ù†ÛŒ Ø±Ùˆ ÙˆØ¯Ø§Ø¹ Ú¯ÙØªØŒØ±ÙˆØ­Ø´ Ø´Ø§Ø¯ Ùˆ ÛŒØ§Ø¯Ø´ Ú¯Ø±Ø§Ù…ÛŒâ™¥ï¸

ğŸ†” @Moviesi",2025-03-13 18:34:52+00:00,136,0,0,-0.08775023465139936,67d4737609cc510e4c1c661a
Moviesi,Moviesi,"Ø¹Ú©Ø³ Ø¬Ø¯ÛŒØ¯ Ø¹Ù„ÛŒ Ø¹Ø¸ÛŒÙ…ÛŒ Ùˆ Ù¾Ú¯Ø§Ù‡ Ø¢Ù‡Ù†Ú¯Ø±Ø§Ù†ÛŒ Ø¨Ø§ Ø¯Ø®ØªØ±Ø´Ø§Ù† Ù„ÛŒâ€ŒÙ„ÛŒâ€ŒØ±Ø²

ÙØ±Ø²Ù†Ø¯ Ù¾Ú¯Ø§Ù‡Ù Û´Û° Ø³Ø§Ù„Ù‡ Ùˆ Ù‡Ù…Ø³Ø± Û´Û· Ø³Ø§Ù„Ù‡â€ŒØ§Ø´ Ù…Ù‡Ø±Ù…Ø§Ù‡ Ø¯Ø± Ù„Ù†Ø¯Ù† Ù…ØªÙˆÙ„Ø¯ Ø´Ø¯Ù‡ Ø§Ø³Øª.

ğŸ†” @Moviesi",2025-03-13 18:00:13+00:00,135,0,0,-0.085331609489183,67d4737609cc510e4c1c661b
Moviesi,Moviesi,"Ù…Ø±ÛŒÙ„Ø§ Ø²Ø§Ø±Ø¹ÛŒ Ú¯ÙˆÚ¯ÙˆÙ„ÛŒ Ùˆ Ù…Ù‡Ø±Ø¨ÙˆÙ†:))))
#Ø§Ø±Ø³Ø§Ù„ÛŒ

ğŸ†” @Moviesi",2025-03-13 17:22:47+00:00,52,0,0,-0.14183486750048957,67d4737609cc510e4c1c661c
Moviesi,Moviesi,"Ø³Ø§ØªØ±Ø§ Ø§Ø² Ù‚Ù‡ÙˆÙ‡ Ù¾Ø¯Ø±ÛŒ ØªÙ‚Ø¯ÛŒØ± Ú©Ø±Ø¯ Ùˆ Ø¯ÛŒØ¯Ù†Ø´Ùˆ Ø¨Ù‡ Ø®ÙˆÙ†ÙˆØ§Ø¯Ù‡â€ŒÙ‡Ø§ ØªÙˆØµÛŒÙ‡ Ú©Ø±Ø¯ğŸ˜‚

ğŸ†” @Moviesi",2025-03-13 16:29:49+00:00,74,0,0,-0.09522274398511787,67d4737609cc510e4c1c661d
Moviesi,Moviesi,"Ø§ÛŒÙ† Ø¨Ù„ÛŒØ· ÛŒÚ© Ø·Ø±ÙÙ‡ Ú†Ø±Ø§ Ø§ÛŒÙ†Ø¬ÙˆØ±ÛŒÙ‡ Ù†Ø§Ù…ÙˆØ³Ø§ğŸ˜­ğŸ˜‚
ÛŒÚ©ÛŒ ÙØ§Ø±Ø³ÛŒ Ø­Ø±Ù Ù…ÛŒØ²Ù†Ù‡ Ø¨Ø¹Ø¯ Ø§ÙˆÙ† ÛŒÚ©ÛŒ ØªØ±Ú©ÛŒ Ø¬ÙˆØ§Ø¨Ø´Ùˆ Ù…ÛŒØ¯Ù‡ØŒ Ú©Ø§Ù…Ù„Ø§ Ù‡Ù… Ø²Ø¨ÙˆÙ† Ù‡Ù…Ùˆ Ù…ÛŒÙÙ‡Ù…Ù† 
Ø¨Ø¹Ø¯ Ù…Ø§ Ø§ÛŒÙ†Ø¬Ø§ Ø¯Ùˆ Ø·Ø±Ù ÙØ§Ø±Ø³ÛŒ ØµØ­Ø¨Øª Ù…ÛŒÚ©Ù†ÛŒÙ… Ø®ÛŒÙ„ÛŒ ÙˆÙ‚ØªØ§ Ù†Ù…ÛŒÙÙ‡Ù…ÛŒÙ… Ø²Ø¨ÙˆÙ† Ù‡Ù…Ùˆ

ğŸ†” @Moviesi",2025-03-13 15:26:09+00:00,192,0,0,-0.04739993767139117,67d4737609cc510e4c1c661e
Moviesi,Moviesi,"Ø®Ø¯Ø§Ø­Ø§ÙØ¸ÛŒ Ø³Ù¾ÛŒØ¯Ù‡ Ø­ÛŒØ¯Ø±Ø¢Ø¨Ø§Ø¯ÛŒ Ø§Ø² Ù…ÙˆØ²Ù‡ Ø³ÛŒÙ†Ù…Ø§

ğŸ”¹Ø³Ù¾ÛŒØ¯Ù‡ Ø­ÛŒØ¯Ø±Ø¢Ø¨Ø§Ø¯ÛŒ Ú©Ù‡ Ø¨Ù‡ Ù…Ø¯ØªÂ  Û±Û° Ø³Ø§Ù„ Ø¯Ø± Ù…ÙˆØ²Ù‡ Ø³ÛŒÙ†Ù…Ø§ ÙØ¹Ø§Ù„ÛŒØª Ø¯Ø§Ø´Øª Ùˆ Ø¨Ø§ Ø­Ø¶ÙˆØ±Ø´ Ø§ØªÙØ§Ù‚Ø§Øª Ø®ÙˆØ¨ÛŒ Ø§Ø² Ø¬Ù…Ù„Ù‡ Ø¨Ø±Ú¯Ø²Ø§Ø±ÛŒ Ú©Ø§Ø±Ú¯Ø§Ù‡ Ù‡Ø§ÛŒ Ùˆ Ù†Ø´Ø³Øª Ù‡Ø§ÛŒ ØªØ®ØµØµÛŒ Ø±Ø§ Ø¯Ø±Â  Ø§ÛŒÙ† Ù…Ú©Ø§Ù† ÙØ±Ù‡Ù†Ú¯ÛŒ Ø±Ù‚Ù… Ø²Ø¯Ù‡ Ø¨ÙˆØ¯Â  Ø¨Ø§ Ù…ØªÙ†ÛŒ Ø®Ø¨Ø± Ø§Ø² Ø±ÙØªÙ†Ø´ Ø¯Ø§Ø¯. 

ğŸ”¹Ø¯Ø± Ø¨Ø®Ø´ÛŒ Ø§Ø² Ù…ØªÙ† Ø®Ø¯Ø§Ø­Ø§ÙØ¸ÛŒ Ø³Ù¾ÛŒØ¯Ù‡ Ø­ÛŒØ¯Ø±Ø¢Ø¨Ø§Ø¯ÛŒ Ø¢Ù…Ø¯Ù‡:Â«Ø¯ÙØªØ± Ø®Ø§Ø·Ø±Ø§ØªÙ… Ø¯Ø± Ù…ÙˆØ²Ù‡ Ø³ÛŒÙ†Ù…Ø§ÛŒ Ø§ÛŒØ±Ø§Ù† Ù¾Ø³ Ø§Ø² Û±Û° Ø³Ø§Ù„ Ø¨Ø³ØªÙ‡ Ø´Ø¯
Ø§Ø² Ø¢Ù‚Ø§ÛŒ Ù…Ø­Ù…Ø¯ Ø­ÛŒØ¯Ø±ÛŒ Ú©Ù‡ Ø¨Ø¹Ø¯ Ø§Ø² Ø³ÛŒ Ùˆ Ú†Ù‡Ø§Ø±Ù…ÛŒÙ† Ø¬Ø´Ù†ÙˆØ§Ø±Ù‡ ÙØ¬Ø± Ù…Ù†Ùˆ Ø¬Ø²Ø¡ Ø®Ø§Ù†ÙˆØ§Ø¯Ù‡ Ù…ÙˆØ²Ù‡ Ø³ÛŒÙ†Ù…Ø§ Ù†Ú¯Ù‡ Ø¯Ø§Ø´ØªØŒ Ø§Ø² Ø¢Ù‚Ø§ÛŒ Ù…Ù‡Ø±Ø§Ù† Ø¹Ø¨Ø§Ø³ÛŒ Ú©Ù‡ Ø¨Ù‡ Ø¹Ù†ÙˆØ§Ù† Ù…Ø¯ÛŒØ± Ø±ÙˆØ§Ø¨Ø· Ø¹Ù…ÙˆÙ…ÛŒ Ù…ÙˆØ²Ù‡ Ø³ÛŒÙ†Ù…Ø§ Ø§Ù†ØªØ®Ø§Ø¨Ù… Ú©Ø±Ø¯ØŒ Ø§Ø² Ø¢Ù‚Ø§ÛŒ Ù…Ø¬ÛŒØ¯ Ø§Ø³Ù…Ø§Ø¹ÛŒÙ„ÛŒ Ú©Ù‡ Ø¨Ø§ Ø§Ø¹ØªÙ…Ø§Ø¯Ø´ Ø¯Ø± Ù‡Ù…Ù‡ Ø²Ù…ÛŒÙ†Ù‡ Ù‡Ø§ ØªØ¬Ø±Ø¨Ù‡ Ù‡Ø§ÛŒ Ø¨Ø³ÛŒØ§Ø± Ø²ÛŒØ§Ø¯ÛŒ Ú©Ø³Ø¨ Ú©Ø±Ø¯Ù…ØŒ Ø¨Ø³ÛŒØ§Ø± Ø¨Ø³ÛŒØ§Ø± Ù…Ù…Ù†ÙˆÙ†Ù….Ø§Ø² Ù‡Ù…Ø±Ø§Ù‡ÛŒ Ù‡Ù…Ù‡ Ù‡Ù†Ø±Ù…Ù†Ø¯Ø§Ù†ÛŒ Ú©Ù‡ Ø¯Ø± Ø§ÛŒÙ† Ù…Ø¯Øª Ø¯Ø¹ÙˆØª Ø¨Ø±Ø§ÛŒ Ø¶Ø¨Ø· ØªØ§Ø±ÛŒØ® Ø´ÙØ§Ù‡ÛŒØŒ Ù†Ø´Ø³Øª Ù‡Ø§ Ùˆ Ø¨Ø±Ù†Ø§Ù…Ù‡ Ù‡Ø§ÛŒ Ù…Ø®ØªÙ„Ù Ø³ÛŒÙ†Ù…Ø§ÛŒÛŒ Ù¾Ø°ÛŒØ±ÙØªÙ† Ø¨Ø³ÛŒØ§Ø± Ù…Ù…Ù†ÙˆÙ†Ù….
...
Ø­ØªÛŒ Ø§Ú¯Ø± Ø¨Ø±Ø§ÛŒ ÛŒÚ© Ù†ÙØ± Ù‡Ù… Ø§Ø² Ø­Ø¶ÙˆØ±Ù… Ø¯Ø± Ù…ÙˆØ²Ù‡ Ø³ÛŒÙ†Ù…Ø§ Ø®Ø§Ø·Ø±Ø§Øª Ø®ÙˆØ¨ÛŒ Ø¨Ø§Ù‚ÛŒ Ú¯Ø°Ø§Ø´ØªÙ‡ Ø¨Ø§Ø´Ù…ØŒ Ù…Ù† Ø±Ø§ Ø®ÙˆØ´Ø­Ø§Ù„ Ù…ÛŒâ€ŒÚ©Ù†Ø¯.Â»

ğŸ†” @Moviesi",2025-03-13 14:39:37+00:00,837,0,0,0.16379727812674694,67d4737709cc510e4c1c661f
Moviesi,Moviesi,"Ø¨Ø³ØªÙ‡ Ø´Ø¯Ù† Ù¾Ø±ÙˆÙ†Ø¯Ù‡ Ù¾Ø±Ø§Ø¨Ù‡Ø§Ù…/ Ø¯ÛŒÙˆØ§Ù† Ø¹Ø§Ù„ÛŒ Ú©Ø´ÙˆØ± Ø­Ú©Ù… Ù¾Ø±ÙˆÙ†Ø¯Ù‡ Ù‚ØªÙ„ Ø¯Ø§Ø±ÛŒÙˆØ´ Ù…Ù‡Ø±Ø¬ÙˆÛŒÛŒ Ùˆ ÙˆØ­ÛŒØ¯Ù‡ Ù…Ø­Ù…Ø¯ÛŒâ€ŒÙØ± Ø±Ø§ ØªØ§ÛŒÛŒØ¯ Ú©Ø±Ø¯

ğŸ”¹Ø¨Ø§ Ø§Ø¹Ù„Ø§Ù… Ø¯ÛŒÙˆØ§Ù† Ø¹Ø§Ù„ÛŒ Ú©Ø´ÙˆØ± Ù¾Ø±ÙˆÙ†Ø¯Ù‡ Ù‚ØªÙ„ Ø¯Ø§Ø±ÛŒÙˆØ´ Ù…Ù‡Ø±Ø¬ÙˆÛŒÛŒ Ùˆ ÙˆØ­ÛŒØ¯Ù‡ Ù…Ø­Ù…Ø¯ÛŒâ€ŒÙØ± Ø¨Ø§ ØªØ§ÛŒÛŒØ¯ Ø­Ú©Ù… Ù¾ÛŒØ´ÛŒÙ† Ø¨Ø³ØªÙ‡ Ø´Ø¯. Ù…ØªÙ‡Ù… Ø§ØµÙ„ÛŒ Ø¯Ùˆ Ø¨Ø§Ø± Ù‚ØµØ§Øµ Ùˆ Ø¯ÛŒÚ¯Ø± Ù…ØªÙ‡Ù…ÛŒÙ† Ø¨Ù‡ Ø­Ø¨Ø³â€ŒÙ‡Ø§ÛŒ Ø·ÙˆÙ„Ø§Ù†ÛŒ Ù…Ø¯Øª Ù…Ø­Ú©ÙˆÙ… Ø´Ø¯Ù†Ø¯.Ø§ÛŒÙ† Ø¯Ø± Ø´Ø±Ø§ÛŒØ·ÛŒ Ø§Ø³Øª Ú©Ù‡ ÙˆÚ©ÛŒÙ„ Ù…Ù‚ØªÙˆÙ„ÛŒÙ† Ø¨Ø§ Ø§Ø¹Ù„Ø§Ù… Ù¾Ø§Ú© Ø´Ø¯Ù† ØªÙ…Ø§Ø³â€ŒÙ‡Ø§ Ùˆ Ø§Ù¾Ù„ÛŒÚ©ÛŒØ´Ù†â€ŒÙ‡Ø§ÛŒ ØªÙ„ÙÙ†â€ŒÙ‡Ø§ÛŒ Ø¢Ù†Ù‡Ø§ Ø§Ø¨Ù‡Ø§Ù…Ø§Øª ØªØ§Ø²Ù‡â€ŒØ§ÛŒ Ø¨Ù‡ Ø§ÛŒÙ† Ù¾Ø±ÙˆÙ†Ø¯Ù‡ Ø§Ø¶Ø§ÙÙ‡ Ú©Ø±Ø¯.

ğŸ”¹Ù…Ø§Ù†ÙˆØ´ Ù…Ù†ÙˆÚ†Ù‡Ø±ÛŒ Ø¯Ø± Ø§ÛŒÙ† Ù…ÙˆØ±Ø¯ Ú¯ÙØª:Â«Ù…Ø§ Ø¯Ø±Ø®ÙˆØ§Ø³Øª Ú©Ø±Ø¯ÛŒÙ… Ø§Ø·Ù„Ø§Ø¹Ø§Øª Ø¯Ù‚ÛŒÙ‚ Ùˆ Ú©Ø§Ù…Ù„ Ú¯ÙˆØ´ÛŒ Ø±Ø§ Ø¨Ù‡ Ù…Ø§ Ø¨Ø¯Ù‡Ù†Ø¯ Ùˆ Ø§Ø·Ù„Ø§Ø¹Ø§Øª Ø®Ø·ÛŒ Ù‡Ù… Ø¯Ø± Ø§Ø®ØªÛŒØ§Ø± Ù…Ø§ Ù‚Ø±Ø§Ø± Ø¯Ù‡Ù†Ø¯ØŒ Ù…ØªØ¹Ø§Ù‚Ø¨Ø§â€Œ Ø¨Ù‡ Ø§Ø¯Ø§Ø±Ù‡ Ú©Ù„ Ø¢Ú¯Ø§Ù‡ÛŒ Ø§Ø³ØªØ§Ù† Ø§Ù„Ø¨Ø±Ø² Ø¯Ø¹ÙˆØª Ø´Ø¯Ù… Ú©Ù‡ ØªÙ„ÙÙ†â€ŒÙ‡Ø§ Ø±Ø§ Ø¨Ø±Ø±Ø³ÛŒ Ú©Ù†Ù…. ÙˆÙ„ÛŒ Ù…ØªØ§Ø³ÙØ§Ù†Ù‡ Ù…Ø´Ø®Øµ Ø´Ø¯ Ø§Ø·Ù„Ø§Ø¹Ø§Øª Ù…ÙˆØ¬ÙˆØ¯ Ø¯Ø± Ú¯ÙˆØ´ÛŒâ€ŒÙ‡Ø§ Ù†Ø§Ù‚Øµ Ùˆ Ø¯Ø³ØªÚ©Ø§Ø±ÛŒ Ø´Ø¯Ù‡ Ø§Ø³Øª Ùˆ Ø¨Ø³ÛŒØ§Ø±ÛŒ Ø§Ø² Ø§Ø·Ù„Ø§Ø¹Ø§Øª Ø§Ø² ØªÙ…Ø§Ø³â€ŒÙ‡Ø§ Ú¯Ø±ÙØªÙ‡ ØªØ§ Ø§Ø³â€ŒØ§Ù…â€ŒØ§Ø³â€ŒÙ‡Ø§ Ùˆ Ø§Ù¾Ù„ÛŒÚ©ÛŒØ´Ù†â€ŒÙ‡Ø§ Ú©Ø§Ù…Ù„Ø§ Ù¾Ø§Ú© Ø´Ø¯Ù‡ØŒÙ†ØªÛŒØ¬Ù‡ Ø¨Ø±Ø±Ø³ÛŒ Ùˆâ€Œ ØªØ­Ù„ÛŒÙ„ ØºÛŒØ±Ú©Ø§Ø±Ø´Ù†Ø§Ø³Ø§Ù†Ù‡ Ù…Ù† Ø§ÛŒÙ† Ø¨ÙˆØ¯ Ú©Ù‡ Ø®ÛŒÙ„ÛŒ Ø§Ø² ØªÙ…Ø§Ø³â€ŒÙ‡Ø§ÛŒ Ú¯ÙˆØ´ÛŒâ€ŒÙ‡Ø§ÛŒ Ø­ØªÛŒ Ù…Ù‚ØªÙˆÙ„Ø§Ù† Ú©Ù‡ Ø¯Ø± Ø±ÙˆØ² Ø¢Ø®Ø± Ø¨Ø§ Ø¢Ù†Ù‡Ø§ Ú¯Ø±ÙØªÙ‡ Ø´Ø¯Ù‡ Ù‡Ù… Ù¾Ø§Ú© Ø´Ø¯Ù‡Â»

ğŸ†” @Moviesi",2025-03-13 14:14:39+00:00,892,0,0,0.18094424837767376,67d4737709cc510e4c1c6620
Moviesi,Moviesi,"â­•ï¸ğŸ’ Ø§ÛŒÙ†ØªØ±Ù†Øª Ø¨Ø¯ÙˆÙ† Ù…Ø­Ø¯ÙˆØ¯ÛŒØª Ø¨Ø§ ""ØªÚ© Ù†Øª""

ğŸš€ Ø³Ø±Ø¹Øª Ø¨Ø§Ù„Ø§ | ğŸ’« Ø§ØªØµØ§Ù„ Ù¾Ø§ÛŒØ¯Ø§Ø± | âœ”ï¸ Ø§Ù…Ù†ÛŒØª ØªØ¶Ù…ÛŒÙ†â€ŒØ´Ø¯Ù‡

ğŸ–ï¸ Ù…Ù†Ø§Ø³Ø¨ ØªÙ„Ú¯Ø±Ø§Ù…ØŒ ÛŒÙˆØªÛŒÙˆØ¨ØŒ Ø§ÛŒÙ†Ø³ØªØ§Ú¯Ø±Ø§Ù… Ùˆ ØªÙ…Ø§Ù… Ø³Ø§ÛŒØªâ€ŒÙ‡Ø§
ğŸ–ï¸ Ú©Ø§Ù†ÙÛŒÚ¯â€ŒÙ‡Ø§ÛŒ Ù¾Ø±Ø³Ø±Ø¹Øª Ù…Ø®ØµÙˆØµ Ù…ÙˆØ¨Ø§ÛŒÙ„ Ùˆ ÙˆÛŒÙ†Ø¯ÙˆØ²
ğŸ–ï¸ Ù¾Ø´ØªÛŒØ¨Ø§Ù†ÛŒ Û²Û´/Û·ØŒ ØªØ³Øª Ø±Ø§ÛŒÚ¯Ø§Ù† Ùˆ Ø®Ø±ÛŒØ¯ Ø¢Ø³Ø§Ù†

@taknet_vpn1ğŸš€@taknet_vpn1

ğŸ’£ Ù‡Ù…ÛŒÙ† Ø­Ø§Ù„Ø§ Ù…ØªØµÙ„ Ø´Ùˆ Ùˆ Ø§ÛŒÙ†ØªØ±Ù†Øª Ø¢Ø²Ø§Ø¯ Ø±Ø§ ØªØ¬Ø±Ø¨Ù‡ Ú©Ù†â€Œ ğŸ‘‘",2025-03-13 14:14:14+00:00,300,0,0,-0.11344384224125559,67d4737709cc510e4c1c6621
Moviesi,Moviesi,"Û·Û·% Ù…Ø®Ø§Ø·Ø¨Ø§Ù† ÙˆØ­ÛŒØ¯ ÛŒØ§Ù…ÛŒÙ†â€ŒÙ¾ÙˆØ±ØŒ Ù…Ø¬Ø±ÛŒ Ø³Ø§Ø¨Ù‚ ØµØ¯Ø§ÙˆØ³ÛŒÙ…Ø§ Ù‡Ù… ØªÙ„ÙˆÛŒØ²ÛŒÙˆÙ† ØªÙ…Ø§Ø´Ø§ Ù†Ù…ÛŒâ€ŒÚ©Ù†Ù†Ø¯ØŒ Ø´Ù…Ø§ Ø¨Ø¨ÛŒÙ† ÙˆØ¶Ø¹ Ø±Ø³Ø§Ù†Ù‡ Ù…Ø«Ù„Ø§ Ù…Ù„ÛŒ Ø¨Ø§ Û´Û¸ Ù‡Ø²Ø§Ø±Ù†ÙØ± Ù†ÛŒØ±Ùˆ Ú†Ù‚Ø¯Ø± Ø®Ø±Ø§Ø¨Ù‡. Ø¨Ø¹Ø¯ Ø¨Ù‡ Ù‡Ù…ÛŒÙ† ØµØ¯Ø§ÙˆØ³ÛŒÙ…Ø§ÛŒ ÙˆØ±Ø´Ú©Ø³ØªÙ‡ Ø³Ø§Ù„ Ø¯ÛŒÚ¯Ù‡ Ù‚Ø±Ø§Ø±Ù‡ Û³Ûµ Ù‡Ø²Ø§Ø± Ù…ÛŒÙ„ÛŒØ§Ø±Ø¯ Ø¨ÙˆØ¯Ø¬Ù‡ ØªØ¹Ù„Ù‚ Ø¨Ú¯ÛŒØ±Ù‡.

 
_yaghma fashkhami_

ğŸ†” @Moviesi",2025-03-13 08:07:21+00:00,246,0,0,-0.011731878122832606,67d4737709cc510e4c1c6622
Moviesi,Moviesi,"ğŸ“º Ø¢Ø±Ø§ÛŒØ´ ØºÙ„ÛŒØ¸ 
âœ¨ Ú©ÛŒÙÛŒØª 480p  
ğŸ†” @Moviesi",2025-03-13 05:23:48+00:00,39,0,0,-0.10298166697842875,67d4737709cc510e4c1c6623
Moviesi,Moviesi,"ğŸ“º Ø¢Ø±Ø§ÛŒØ´ ØºÙ„ÛŒØ¸ 
âœ¨ Ú©ÛŒÙÛŒØª 720p 

ğŸ†” @Moviesi",2025-03-13 05:23:39+00:00,39,0,0,-0.10298166697842875,67d4737709cc510e4c1c6624
Moviesi,Moviesi,"Ù†Ø§Ù… ÙÛŒÙ„Ù…: Ø¢Ø±Ø§ÛŒØ´ ØºÙ„ÛŒØ¸
Ø³Ø§Ù„ ØªÙˆÙ„ÛŒØ¯: Û±Û³Û¹Û²
Ø³Ø§Ù„ Ø§Ù†ØªØ´Ø§Ø±: Û±Û³Û¹Û³
Ú˜Ø§Ù†Ø±: Ø§Ø¬ØªÙ…Ø§Ø¹ÛŒ
Ú©Ø§Ø±Ú¯Ø±Ø¯Ø§Ù†: Ø­Ù…ÛŒØ¯ Ù†Ø¹Ù…Øª Ø§Ù„Ù„Ù‡
Ø¨Ø§Ø²ÛŒÚ¯Ø±Ø§Ù†: Ø­Ø§Ù…Ø¯ Ø¨Ù‡Ø¯Ø§Ø¯ØŒ Ø·Ù†Ø§Ø² Ø·Ø¨Ø§Ø·Ø¨Ø§ÛŒÛŒØŒ Ø¹Ù„ÛŒ Ø¹Ù…Ø±Ø§Ù†ÛŒØŒ Ø¬Ù…Ø§Ù„ Ø§Ø¬Ù„Ø§Ù„ÛŒØŒ Ù‡ÙˆÙ…Ù† Ø¨Ø±Ù‚ Ù†ÙˆØ±Ø¯ Ùˆ Ø­Ø¨ÛŒØ¨ Ø±Ø¶Ø§ÛŒÛŒ

Ø®Ù„Ø§ØµÙ‡ Ø¯Ø§Ø³ØªØ§Ù†: Ú¯Ø±ÙˆÙ‡ Ù¾Ù†Ø¬ Ù†ÙØ±Ù‡ Ø§ÛŒ Ù…ÛŒ Ø®ÙˆØ§Ù‡Ù†Ø¯ Ù…Ø­Ù…ÙˆÙ„Ù‡ Ø§ÛŒ Ø´Ø§Ù…Ù„ ØªØ±Ù‚Ù‡ØŒ ÙØ´ÙØ´Ù‡ Ùˆ Ø§Ø³Ø¨Ø§Ø¨ Ø¢ØªØ´ Ø¨Ø§Ø²ÛŒ Ø±Ø§ Ú©Ù‡ Ù…ØªØ¹Ù„Ù‚ Ø¨Ù‡ Ø¢Ù† Ù‡Ø§ Ù†ÛŒØ³Øª Ø¨ÙØ±ÙˆØ´Ù†Ø¯. Ù‡ÛŒÚ† Ú©Ø¯Ø§Ù… Ø§Ø² Ø¢Ù† Ù‡Ø§ Ú©Ø§Ù…Ø±ÙˆØ§ Ù†Ù…ÛŒØ´ÙˆÙ†Ø¯ Ù…Ú¯Ø± Ù¾Ù†Ø¬Ù…ÛŒÙ† Ù†ÙØ± Ú©Ù‡ Ø¨Ù‡ ØªØ±Ø¯ÛŒØ¯ Ù‡Ù…ÛŒØ´Ú¯ÛŒ Ø§Ø´ Ù…ÛŒØ§Ù† Ø®ÛŒØ± Ùˆ Ø´Ø± ØºÙ„Ø¨Ù‡ Ù…ÛŒ Ú©Ù†Ø¯ Ùˆâ€¦

ğŸ†” @Moviesi",2025-03-13 05:22:40+00:00,413,0,0,-0.0047994827484914016,67d4737709cc510e4c1c6625
Moviesi,Moviesi,"ğŸ”®Ø·Ù„Ø³Ù… Ø¯ÙØ¹ Ø¨ÛŒÙ…Ø§Ø±ÛŒğŸª„
ğŸ’’Ø¨Ø§Ø²Ú¯Ø´Øª Ù…Ø¹Ø´ÙˆÙ‚ Ùˆ Ø¨Ø®Øª Ú¯Ø´Ø§ÛŒÛŒ Ùˆ Ø±Ø¶Ø§ÛŒØª Ø®Ø§Ù†ÙˆØ§Ø¯Ù‡ğŸ’
ğŸ’µØ·Ù„Ø³Ù… Ù…ÙØªØ§Ø­ Ø§Ù„Ù†Ù‚ÙˆØ¯ Ø¬Ø°Ø¨ Ø«Ø±ÙˆØª Ùˆ Ù…Ø´ØªØ±ÛŒ ğŸ’
ğŸ§¿Ø¨Ø§Ø·Ù„ Ø§Ù„Ø³Ø­Ø± Ø§Ø¹Ø¸Ù… Ùˆ Ø¯ÙØ¹ Ù‡Ù…Ø²Ø§Ø¯ Ùˆ Ú†Ø´Ù… Ø²Ø®Ù… 
â¤ï¸â€ğŸ”¥Ø²Ø¨Ø§Ù†Ø¨Ù†Ø¯ Ùˆ Ø´Ù‡ÙˆØª Ø¨Ù†Ø¯ Ø¯Ø± Ø¨Ø±Ø§Ø¨Ø± Ø®ÛŒØ§Ù†Øªâ¤ï¸â€ğŸ”¥

âœ…ØªÙ…Ø§Ù…ÛŒ Ú©Ø§Ø±Ù‡Ø§ Ø¨Ø§ Ø¶Ù…Ø§Ù†Øª Ù†Ø§Ù…Ù‡ Ú©ØªØ¨ÛŒ Ùˆ Ù…Ù‡Ø± ÙØ±ÙˆØ´Ú¯Ø§Ù‡
ğŸ”´ Ù„ÛŒÙ†Ú© Ú©Ø§Ù†Ø§Ù„ Ùˆ Ø§Ø±ØªØ¨Ø§Ø· Ø¨Ø§ Ø§Ø³ØªØ§Ø¯ğŸ‘‡
https://t.me/telesmohajat
ğŸ’«Ú¯Ø±Ù‡ Ú¯Ø´Ø§ÛŒÛŒØŒØ­Ø§Ø¬Øª Ø±ÙˆØ§ÛŒÛŒ Ùˆ Ø¯Ø±Ù…Ø§Ù† Ù†Ø§Ø¨Ø§Ø±ÙˆØ±ÛŒ Ø²ÙˆØ¬ÛŒÙ† Ø¯Ø± Ø³Ø±ÛŒØ¹ØªØ±ÛŒÙ† Ø²Ù…Ø§Ù† É™ğŸ¦‹â…”
ğŸ‘¤Ù…Ø´Ø§ÙˆØ±Ù‡ Ø±Ø§ÛŒÚ¯Ø§Ù† Ø¨Ø§ Ø§Ø³ØªØ§Ø¯ Ø³ÛŒØ¯ Ø­Ø³ÛŒÙ†ÛŒğŸ‘‡
ğŸ†”@ostad_seyed_hoseyni
â˜ï¸Â  09213313730  
â˜¯ @telesmohajat",2025-03-13 05:22:12+00:00,442,0,0,-0.05677546788655752,67d4737709cc510e4c1c6626
Moviesi,Moviesi,"ğŸ“º Ø¢Ø±Ø§ÛŒØ´ ØºÙ„ÛŒØ¸ 

ğŸ†” @Moviesi",2025-03-13 05:21:39+00:00,25,0,0,-0.07410153372981754,67d4737709cc510e4c1c6627
Moviesi,Moviesi,"Ø®ÙˆØ¯ Ù‡Ù…ÛŒÙ† Ø¬Ù…Ù‡ÙˆØ±ÛŒ Ø§Ø³Ù„Ø§Ù…ÛŒ ØªØ¨Ù„ÛŒØº Ø³Ø±ÛŒØ§Ù„ Ù…Ø¹Ø§ÙˆÛŒÙ‡ Ø±Ùˆ Ù…ÛŒâ€ŒÚ©Ù†Ù‡ Ø¨Ø¹Ø¯ Ù…ÛŒÚ¯Ù‡ Ù†Ú¯Ø§Ù‡ Ù†Ú©Ù†ÛŒØ¯ ØªÙˆ ÙˆÙ‚ØªÛŒ Ø§ØµÙ„Ø§ Ø§Ø³Ù…Ø´Ùˆ Ù†ÛŒØ§Ø±ÛŒ Ú©Ø³ÛŒ Ø­ÙˆØ§Ø³Ø´ Ø§ØµÙ„Ø§ Ø¨Ù‡ Ø§ÙˆÙ† Ø³Ø±ÛŒØ§Ù„ Ù†ÛŒØ³Øª Ú©ÛŒ Ø³Ø±ÛŒØ§Ù„ Ø¹Ø±Ø¨ÛŒ Ù†Ú¯Ø§Ù‡ Ù…ÛŒÚ©Ù†Ù‡ØŸ

ğŸ†” @Moviesi",2025-03-12 18:36:01+00:00,167,0,0,-0.06658838760572078,67d4737709cc510e4c1c6628
Moviesi,Moviesi,"Ø¨Ø±Ø±Ø³ÛŒ Ù‚Ø³Ù…Øª Ø§ÙˆÙ„ Ø³Ø±ÛŒØ§Ù„ Ø¨Ù„ÛŒØ· ÛŒÚ© Ø·Ø±ÙÙ‡

ğŸ†” @Moviesi",2025-03-12 17:46:01+00:00,45,0,0,-0.11983762996109842,67d4737709cc510e4c1c6629
Moviesi,Moviesi,"Ø¬Ø¯ÛŒØ¯ Ø§Ø² Ø§Ø´Ú©Ø§Ù†

ğŸ†” @Moviesi",2025-03-12 17:09:02+00:00,25,0,0,-0.07410153372981754,67d4737709cc510e4c1c662a
Moviesi,Moviesi,"Ø³Ø±ÛŒØ§Ù„ Ù…Ø¹Ø§ÙˆÛŒÙ‡ Ø¨Ø§ Ø¯ÙˆØ¨Ù„Ù‡ Ø²ÛŒØ¨Ø§ÛŒ Ø§ÛŒØ±Ø§Ù†ÛŒ :)

ğŸ†” @Moviesi",2025-03-12 16:38:01+00:00,49,0,0,-0.14497161481046011,67d4737709cc510e4c1c662b
Moviesi,Moviesi,"ÛŒØ§Ø¯Ø´ Ø¨Ø®ÛŒØ±ğŸ˜‚

ğŸ†” @Moviesi",2025-03-12 16:04:09+00:00,22,0,0,0.007199224122736991,67d4737709cc510e4c1c662c
Moviesi,Moviesi,"ğŸ¬Ù…Ù‡Ø¯ÙˆÛŒØ§Ù† Ùˆ Ø³Ø±ÙˆØ´ ØµØ­Øª ÙÛŒÙ„Ù… Ø¬Ø¯ÛŒØ¯ Ù…ÛŒâ€ŒØ³Ø§Ø²Ù†Ø¯ ØµØ¯ÙˆØ± Ù¾Ø±ÙˆØ§Ù†Ù‡ Ø³Ø§Ø®Øª Â«Ø®ÙˆÙ† Ø³Ù‡Ø±Ø§Ø¨Â» Ùˆ Â«Ø§Ø³ØªØ®Ø±Â»

Ø·Ø¨Ù‚ Ø§Ø¹Ù„Ø§Ù… Ø§Ø¯Ø§Ø±Ù‡â€Œ Ú©Ù„ Ø±ÙˆØ§Ø¨Ø· Ø¹Ù…ÙˆÙ…ÛŒ Ø³Ø§Ø²Ù…Ø§Ù† Ø³ÛŒÙ†Ù…Ø§ÛŒÛŒØŒ Ù…Ø­Ù…Ø¯Ø­Ø³ÛŒÙ† Ù…Ù‡Ø¯ÙˆÛŒØ§Ù† Ø¯Ø± ØªØ¯Ø§Ø±Ú© Ø³Ø§Ø®Øª Â«Ø®ÙˆÙ† Ø³Ù‡Ø±Ø§Ø¨Â» Ø§Ø³Øª Ùˆ Ø³Ø±ÙˆØ´ ØµØ­Øª Ù‡Ù… Ú©Ù‡ Ø§Ø² Ú†Ù†Ø¯Ù…Ø§Ù‡ Ù‚Ø¨Ù„ ÙÛŒÙ„Ù… Â«ØµØ¨Ø­Ø§Ù†Ù‡ Ø¨Ø§ Ø²Ø±Ø§ÙÙ‡â€ŒÙ‡Ø§Â» Ø±Ø§ Ø±ÙˆÛŒ Ù¾Ø±Ø¯Ù‡ Ø¯Ø§Ø´ØªØŒ Ù‚ØµØ¯ Ø¯Ø§Ø±Ø¯ ÙÛŒÙ„Ù… Â«Ø§Ø³ØªØ®Ø±Â» Ø±Ø§ Ø¨Ø³Ø§Ø²Ø¯.

Ø³Ø±ÙˆØ´ ØµØ­Øª ÙÛŒÙ„Ù… Â«Ø§Ø³ØªØ®Ø±Â» Ø±Ø§ Ø¨Ù‡ ØªÙ‡ÛŒÙ‡â€ŒÚ©Ù†Ù†Ø¯Ú¯ÛŒÂ Ù…Ø­Ù…Ø¯ Ø´Ø§ÛŒØ³ØªÙ‡ Ùˆ Ù†ÙˆÛŒØ³Ù†Ø¯Ú¯ÛŒÂ Ø§Ù…ÛŒØ±Ø­Ø³ÛŒÙ† ØµÙØ§ÛŒÛŒ Ù‚Ù…ÛŒØŒ Ù…ÛŒâ€ŒØ³Ø§Ø²Ø¯ Ùˆ Ù…Ø­Ù…Ø¯Ø­Ø³ÛŒÙ† Ù…Ù‡Ø¯ÙˆÛŒØ§Ù† Ù‡Ù…Â  Â«Ø®ÙˆÙ† Ø³Ù‡Ø±Ø§Ø¨Â» Ø±Ø§ Ø¨Ù‡ ØªÙ‡ÛŒÙ‡â€ŒÚ©Ù†Ù†Ø¯Ú¯ÛŒÂ Ù…Ø­Ù…Ø¯Ø±Ø¶Ø§ ØªØ®Øª Ú©Ø´ÛŒØ§Ù† Ù…ÛŒâ€ŒØ³Ø§Ø²Ø¯. ÙÛŒÙ„Ù…Ù†Ø§Ù…Ù‡ Ø§ÛŒÙ† Ø§Ø«Ø± Ù‡Ù… Ø¨Ù‡ Ù†ÙˆÛŒØ³Ù†Ø¯Ú¯ÛŒ Ù…Ù‡Ø¯ÛŒ ÛŒØ²Ø¯Ø§Ù†ÛŒâ€ŒØ®Ø±Ù… Ù†ÙˆØ´ØªÙ‡ Ø´Ø¯Ù‡ Ø§Ø³Øª.

ğŸ†” @Moviesi",2025-03-12 15:20:00+00:00,527,0,0,0.0675668818526658,67d4737709cc510e4c1c662d
Moviesi,Moviesi,"Ø¬ÙˆØ±Ø¯Ù† Ø±ÛŒÙ…ÛŒ Ù†ÙˆÛŒØ³Ù†Ø¯Ù‡ ÙˆØ¨Ø³Ø§ÛŒØª Ø³ÛŒÙ†Ù…Ø§ÛŒÛŒ ÙˆØ±Ù„Ø¯ Ø§Ù Ø±ÛŒÙ„Ø² Ø§Ø¹Ù„Ø§Ù… Ú©Ø±Ø¯Ù‡ Ú©Ù‡ ÙÛŒÙ„Ù… Ø¬Ø¯ÛŒØ¯ Ø³Ø¹ÛŒØ¯ Ø±ÙˆØ³ØªØ§ÛŒÛŒ  Ø¨Ø§Ø¹Ù†ÙˆØ§Ù† ""Ø²Ù† Ùˆ Ø¨Ú†Ù‡"" Ø¨Ø§ Ø¨Ø§Ø²ÛŒ
Ù¾Ø±ÛŒÙ†Ø§Ø² Ø§ÛŒØ²Ø¯ÛŒØ§Ø±ØŒ Ù¾ÛŒÙ…Ø§Ù† Ù…Ø¹Ø§Ø¯ÛŒ ÙˆÙØ±Ø´ØªÙ‡ ØµØ¯Ø±Ø¹Ø±ÙØ§ÛŒÛŒ 
ÛŒÚ©ÛŒ Ø§Ø² Ú¯Ø²ÛŒÙ†Ù‡ Ù‡Ø§ÛŒ Ø§Ø­ØªÙ…Ø§Ù„ÛŒ Ø­Ø¶ÙˆØ± Ø¯Ø±Ø¬Ø´Ù†ÙˆØ§Ø±Ù‡ Ú©Ù† Û²Û°Û²Ûµ Ø§Ø³Øª Ùˆ Ø§ÛŒÙ† Ú©Ø§Ø±Ú¯Ø±Ø¯Ø§Ù† Ø¨Ø¹Ø¯ Ø§Ø² Ø¨Ø±Ø§Ø¯Ø±Ø§Ù† Ù„ÛŒÙ„Ø§ Ø¨Ø§Ø± Ø¯ÛŒÚ¯Ø± Ø¨Ù‡ Ø§ÛŒÙ† Ø¬Ø´Ù†ÙˆØ§Ø±Ù‡ Ø¨Ø§Ø²Ù…ÛŒ Ú¯Ø±Ø¯Ø¯.

* MahsaMoz *

ğŸ†” @Moviesi",2025-03-12 14:38:56+00:00,306,0,0,-0.10095180998366843,67d4737809cc510e4c1c662e
Moviesi,Moviesi,"ÙÙ‚Ø· Ûµ Ø§Ø¬Ø±Ø§ ØªØ§ Ù¾Ø§ÛŒØ§Ù† ğŸ˜¢

ÙÙ‚Ø· Ûµ Ø§Ø¬Ø±Ø§ ØªØ§ Ù¾Ø§ÛŒØ§Ù† Ø¯ÙˆØ± Ø¯ÙˆÙ… Ø§Ø¬Ø±Ø§Ù‡Ø§ÛŒ Ù†Ù…Ø§ÛŒØ´ Ù…ÙˆØ²ÛŒÚ©Ø§Ù„ #Ú©ÙˆØ±Ø§Ù„Ø§ÛŒÙ† Ø¯Ø± #ØªØ§Ù„Ø§Ø±_ÙˆØ­Ø¯Øª Ù…Ø§Ù†Ø¯Ù‡ Ø§Ø³Øª.

Ø¨Ø§ Ø­Ø¶ÙˆØ± Ú©Ø§Ø¸Ù… Ø³ÛŒØ§Ø­ÛŒØŒ ØµØ¯Ù Ø§Ø³Ù¾Ù‡Ø¨Ø¯ÛŒØŒ Ù¾Ø§Ø±Ù…ÛŒØ³ Ù…Ú©Ù†ÙˆÙ†ÛŒØŒ Ù†Ø§ØµØ± Ø¹Ù„ÛŒ Ù¾Ø§Ø´Ø§ØŒ ÛŒØ§Ø³Ø± Ø®Ø§Ø³Ø¨ Ùˆ Ø¨ÛŒØ´ Ø§Ø² ÛµÛ° Ø¨Ø§Ø²ÛŒÚ¯Ø± Ø¯ÛŒÚ¯Ø± ğŸ˜

Ú©Ø§Ø±Ú¯Ø±Ø¯Ø§Ù†: Ø§Ù…ÛŒØ¯Ø±Ø¶Ø§ Ø³Ù¾Ù‡Ø±ÛŒ
ØªÙ‡ÛŒÙ‡â€ŒÚ©Ù†Ù†Ø¯Ù‡: Ù…Ø±ÛŒÙ… Ù†Ø±Ø§Ù‚ÛŒ

Ø®Ø±ÛŒØ¯ Ø¨Ù„ÛŒØª Ø§Ø² Ø³Ø§ÛŒØª ØªÛŒÙˆØ§Ù„",2025-03-12 14:38:08+00:00,281,0,0,-0.057942128534024695,67d4737809cc510e4c1c662f
Moviesi,Moviesi,"ÙÛŒÙ„Ù…Ø¨Ø±Ø¯Ø§Ø±ÛŒ ÙÛŒÙ„Ù… Â«Ø¢Ø±Ø§Ù…Ø¨Ø®Ø´Â» Ø¨Ù‡ Ú©Ø§Ø±Ú¯Ø±Ø¯Ø§Ù†ÛŒ Ø³Ø¹ÛŒØ¯ Ø²Ù…Ø§Ù†ÛŒØ§Ù† Ø¨Ù‡ Ù¾Ø§ÛŒØ§Ù† Ø±Ø³ÛŒØ¯

Ø§Ù„Ù†Ø§Ø² Ø´Ø§Ú©Ø±Ø¯ÙˆØ³ØªØŒ ØµØ§Ø¨Ø± Ø§Ø¨Ø±ØŒ Ø­Ø³Ù† Ù¾ÙˆØ±Ø´ÛŒØ±Ø§Ø²ÛŒØŒ Ø¨Ù‡Ù†Ø§Ø² Ø¬Ø¹ÙØ±ÛŒ Ùˆ Ù…Ø±ÛŒÙ… Ø³Ø¹Ø§Ø¯Øª Ø¨Ø§Ø²ÛŒÚ¯Ø±Ø§ÛŒ ÙÛŒÙ„Ù…Ù†
Ø§Ø­ØªÙ…Ø§Ù„Ø§ ÙÛŒÙ„Ù… Ù…ÛŒØ±Ù‡ ÙˆØ§Ø³Ù‡ ÙØ¬Ø± Û±Û´Û°Û´
#Ø®Ø¨Ø±
ğŸ†” @Moviesi",2025-03-12 08:45:37+00:00,195,0,0,-0.0461039861110315,67d4737809cc510e4c1c6630
Moviesi,Moviesi,"ğŸ¥ Ù¾Ø§Ø¯Ú©Ø³Øª Â«Ø¨Ø§Ø¶ÛŒØ§Â»
ğŸ­ ÙØµÙ„ Û² (Ù‚Ø³Ù…Øª Û³Û´)
ğŸ‘¥ Ù…Ù‡Ù…Ø§Ù†: Ø´Ø§ÛŒØ¹ Ùˆ Ù…Ù‡ÛŒØ§Ø±
ğŸ Ú©ÛŒÙÛŒØª: 480p

ğŸ†” @Moviesi",2025-03-12 06:21:01+00:00,82,0,0,-0.1289732541118741,67d4737809cc510e4c1c6631
Moviesi,Moviesi,"ğŸ¥ Ù¾Ø§Ø¯Ú©Ø³Øª Â«Ø¨Ø§Ø¶ÛŒØ§Â»
ğŸ­ ÙØµÙ„ Û² (Ù‚Ø³Ù…Øª Û³Û´)
ğŸ‘¥ Ù…Ù‡Ù…Ø§Ù†: Ø´Ø§ÛŒØ¹ Ùˆ Ù…Ù‡ÛŒØ§Ø±
ğŸ Ú©ÛŒÙÛŒØª: 720p

ğŸ†” @Moviesi",2025-03-12 06:20:47+00:00,82,0,0,-0.1289732541118741,67d4737809cc510e4c1c6632
Moviesi,Moviesi,"ğŸ¥ Ù¾Ø§Ø¯Ú©Ø³Øª Â«Ø¨Ø§Ø¶ÛŒØ§Â»
ğŸ­ ÙØµÙ„ Û² (Ù‚Ø³Ù…Øª Û³Û´)
ğŸ‘¥ Ù…Ù‡Ù…Ø§Ù†: Ø´Ø§ÛŒØ¹ Ùˆ Ù…Ù‡ÛŒØ§Ø±
ğŸ Ú©ÛŒÙÛŒØª: 1080p

ğŸ†” @Moviesi",2025-03-12 06:19:50+00:00,83,0,0,-0.1196004850176069,67d4737809cc510e4c1c6633
Moviesi,Moviesi,"ğŸ”®Ø·Ù„Ø³Ù… Ø¯ÙØ¹ Ø¨ÛŒÙ…Ø§Ø±ÛŒğŸª„
ğŸ’’Ø¨Ø§Ø²Ú¯Ø´Øª Ù…Ø¹Ø´ÙˆÙ‚ Ùˆ Ø¨Ø®Øª Ú¯Ø´Ø§ÛŒÛŒ Ùˆ Ø±Ø¶Ø§ÛŒØª Ø®Ø§Ù†ÙˆØ§Ø¯Ù‡ğŸ’
ğŸ’µØ·Ù„Ø³Ù… Ù…ÙØªØ§Ø­ Ø§Ù„Ù†Ù‚ÙˆØ¯ Ø¬Ø°Ø¨ Ø«Ø±ÙˆØª Ùˆ Ù…Ø´ØªØ±ÛŒ ğŸ’
ğŸ§¿Ø¨Ø§Ø·Ù„ Ø§Ù„Ø³Ø­Ø± Ø§Ø¹Ø¸Ù… Ùˆ Ø¯ÙØ¹ Ù‡Ù…Ø²Ø§Ø¯ Ùˆ Ú†Ø´Ù… Ø²Ø®Ù… 
â¤ï¸â€ğŸ”¥Ø²Ø¨Ø§Ù†Ø¨Ù†Ø¯ Ùˆ Ø´Ù‡ÙˆØª Ø¨Ù†Ø¯ Ø¯Ø± Ø¨Ø±Ø§Ø¨Ø± Ø®ÛŒØ§Ù†Øªâ¤ï¸â€ğŸ”¥

âœ…ØªÙ…Ø§Ù…ÛŒ Ú©Ø§Ø±Ù‡Ø§ Ø¨Ø§ Ø¶Ù…Ø§Ù†Øª Ù†Ø§Ù…Ù‡ Ú©ØªØ¨ÛŒ Ùˆ Ù…Ù‡Ø± ÙØ±ÙˆØ´Ú¯Ø§Ù‡
ğŸ”´ Ù„ÛŒÙ†Ú© Ú©Ø§Ù†Ø§Ù„ Ùˆ Ø§Ø±ØªØ¨Ø§Ø· Ø¨Ø§ Ø§Ø³ØªØ§Ø¯ğŸ‘‡
https://t.me/telesmohajat
ğŸ’«Ú¯Ø±Ù‡ Ú¯Ø´Ø§ÛŒÛŒØŒØ­Ø§Ø¬Øª Ø±ÙˆØ§ÛŒÛŒ Ùˆ Ø¯Ø±Ù…Ø§Ù† Ù†Ø§Ø¨Ø§Ø±ÙˆØ±ÛŒ Ø²ÙˆØ¬ÛŒÙ† Ø¯Ø± Ø³Ø±ÛŒØ¹ØªØ±ÛŒÙ† Ø²Ù…Ø§Ù† É™ğŸ¦‹Â²Â²
ğŸ‘¤Ù…Ø´Ø§ÙˆØ±Ù‡ Ø±Ø§ÛŒÚ¯Ø§Ù† Ø¨Ø§ Ø§Ø³ØªØ§Ø¯ Ø³ÛŒØ¯ Ø­Ø³ÛŒÙ†ÛŒğŸ‘‡
ğŸ†”@ostad_seyed_hoseyni
â˜ï¸Â  09213313730  
â˜¯ @telesmohajat",2025-03-12 06:19:29+00:00,443,0,0,-0.07829448432849989,67d4737809cc510e4c1c6634
Moviesi,Moviesi,"â˜‘ï¸ Ø¯Ø§Ù†Ù„ÙˆØ¯ Ù‚Ø³Ù…Øª Û³Û´ ÙØµÙ„ Û² Ù¾Ø§Ø¯Ú©Ø³Øª Â«Ø¨Ø§Ø¶ÛŒØ§Â»
ğŸ“† Ø³Ø§Ù„ ØªÙˆÙ„ÛŒØ¯: 1403
ğŸ“† Ø³Ø§Ù„ Ø§Ù†ØªØ´Ø§Ø±: 1403
ğŸ‘¤ Ù…Ø¬Ø±ÛŒ: Ø¹Ù„ÛŒ Ø¶ÛŒØ§
ğŸ‘¥ Ù…Ù‡Ù…Ø§Ù†: Ø´Ø§ÛŒØ¹ Ùˆ Ù…Ù‡ÛŒØ§Ø±
ğŸŒ€ Ø¯Ø±Ø¨Ø§Ø±Ù‡ Ø¨Ø±Ù†Ø§Ù…Ù‡: Ø§ÛŒÙ† Ø¨Ø±Ù†Ø§Ù…Ù‡ ÛŒÙ‡ Ø¨Ø±Ù†Ø§Ù…Ù‡ Ù…Ø¹Ù…ÙˆÙ„ÛŒ Ù†ÛŒØ³Øª! ÛŒÙ‡ Ú¯ÙØªÚ¯ÙˆÛŒ Ø¯Ù„ÛŒØŒ ÛŒÙ‡ Ø§Ø¹ØªØ±Ø§Ù ØºÛŒØ± Ù…Ù†ØªØ¸Ø±Ù‡ Ùˆ ÛŒÙ‡ Ø®Ø¨Ø± Ø®Ø§ØµØŒ Ù‡Ù…Ù‡ Ú†ÛŒØ² ØªÙˆ Ø§ÛŒÙ† Ø¨Ø±Ù†Ø§Ù…Ù‡ Ù…Ø´Ø®Øµ Ù…ÛŒ Ø´Ù‡! Ù…Ø­Ù…Ø¯Ø±Ø¶Ø§ Ø´Ø§ÛŒØ¹ Ùˆ Ù…Ù‡ÛŒØ§Ø±ØŒ Ø¨Ø¹Ø¯ Ø§Ø² Ù…Ø¯ØªÙ‡Ø§ Ø¯Ø± Ù‚Ø§Ø¨ÛŒ Ù…Ø´ØªØ±Ú© Ø­Ø¶ÙˆØ± Ø¯Ø§Ø±Ù†Ø¯ Ùˆ Ø§Ø² Ù†Ø§Ú¯ÙØªÙ‡â€ŒÙ‡Ø§ÛŒØ´Ø§Ù† Ú¯ÙØªÙ†Ø¯.

ğŸ“¥ 1080p (1.25 GB)
ğŸ“¥ 720p (762 MB)
ğŸ“¥ 480p (426 MB)
ğŸ“¥ 360p (191 MB)

#Ø¨Ø§Ø¶ÛŒØ§ #Ø´Ø§ÛŒØ¹ #Ù…Ù‡ÛŒØ§Ø±
ğŸ†”.@Moviesi",2025-03-12 06:18:56+00:00,433,0,0,-0.03924960258946042,67d4737809cc510e4c1c6635
Moviesi,Moviesi,"Ú©Ø¨Ø±ÛŒ Ø­Ø³Ù†â€ŒØ²Ø§Ø¯Ù‡ (Ù…Ø§Ø¯Ø±Ø¨Ø²Ø±Ú¯ Ø·Ù†Ø§Ø² Ø·Ø¨Ø§Ø·Ø¨Ø§ÛŒÛŒ ØªÙˆ Ù…Ø±Ù‡Ù…) Ø¯Ø± Ø³Ù† ØµØ¯ Ùˆ Ø¯Ùˆ Ø³Ø§Ù„Ú¯ÛŒ Ø¯Ø±Ú¯Ø°Ø´ØªğŸ–¤
ÛŒØ§Ø¯Ø´ Ú¯Ø±Ø§Ù…ÛŒ

ğŸ†” @Moviesi",2025-03-11 19:51:29+00:00,97,0,0,-0.08398038684869924,67d4737809cc510e4c1c6636
Moviesi,Moviesi,"Ø¨Ù†Ø¯Ù‡ Ø¨ÛŒÙ† Ø³Ø±ÛŒØ§Ù„â€ŒÙ‡Ø§ÛŒ Ø¯Ø±Ø­Ø§Ù„ Ù¾Ø®Ø´ ÙÙ† Ø¨Ù„ÛŒØª ÛŒÚ© Ø·Ø±ÙÙ‡ Ù‡Ø³ØªÙ… Ùˆ Ø¯Ù„ÛŒÙ„Ø´ Ø¨Ù‡ Ø®ÙˆØ¯Ù… Ù…Ø±Ø¨ÙˆØ·Ù‡ğŸ’

ğŸ†” @Moviesi",2025-03-11 19:01:25+00:00,85,0,0,-0.10785074447990606,67d4737909cc510e4c1c6637
Tonkeeper News,tonkeeper_news,"âš¡ï¸ Gasless USDT-TRC20 in Tonkeeper Pro

Tonkeeper Pro now supports USDT TRC20 tokens without the need to acquire TRX. 

Fees are covered using Tonkeeper Battery, which can be charged with TON & USDT. You can also top up your Battery balance with a bank card via in-app purchases on iOS and Android.

How to Get Started

1. Launch Tonkeeper Pro.
2. Turn on USDT TRC20 in Settings.
3. Refill Tonkeeper Battery.
4. Send and receive USDT-TRC20.

What is Tonkeeper Pro? 

Tonkeeper Pro is the advanced version of Tonkeeper for pro users. Tonkeeper Pro has a full-screen layout and is packed with powerful features such as Multi-Send, Multisig Wallets, Multi-Accounts, and Ledger Support and is available on all major platforms â€“ iPad, Linux, Web, and Desktop.

What is a Tonkeeper Battery?

ğŸ”‹ Tonkeeper Battery is a prepaid balance that automatically covers transaction fees when needed. Instead of managing separate balances in TON or TRX, you can charge your Battery using supported tokens or a bank card via in-app purchases on iOS and Android. 

Tonkeeper isnâ€™t a multi-chain trading toolâ€”itâ€™s built for payments first. Usability over complexity means you can store, send, and spend USDT without worrying about networks.

Download Tonkeeper Pro: tonkeeper.com/pro
Follow: twitter Â· discord Â·  ru Â· ÙØ§Ø±Ø³ÛŒ Â· ä¸­æ–‡ Â· uz",2025-03-14 11:11:11+00:00,1312,0,0,-0.13859093811275253,67d4738009cc510e4c1c6638
Tonkeeper News,tonkeeper_news,"ğŸ’¬ Meet the @Tonkeeper Bot on Telegram!

Manage your wallet and get supportâ€”all without leaving Telegram. The Tonkeeper Bot brings the essential features of the app right to you.

With @tonkeeper, you can:
- Send, receive, and swap TON & tokens just like in the standalone app
- Get notifications when you receive TON, so youâ€™re always in the loop
- Launch partner dApps directly from the bot ""Browser"" with one click

â“Need help? Just ask! The bot can answer your questions about Tonkeeper, from using app features to managing your wallet. 

For more complex or technical issues, our support agents will step in while the bot handles the rest.

Try it now: @tonkeeper

Download Tonkeeper tonkeeper.com
Follow: en Â· ru Â· ÙØ§Ø±Ø³ÛŒ Â· ä¸­æ–‡ Â· uz Â· twitter Â· discord",2025-03-12 10:01:46+00:00,755,0,0,-0.15683950877305802,67d4738009cc510e4c1c6639
Tonkeeper News,tonkeeper_news,"ğŸŒNew ways to experience the TON ecosystem in Tonkeeper!

ğŸŒ Tonkeeperâ€™s in-app browser is evolving, unlocking new ways to engage with the TON ecosystem. With these new additions, you can race for rewards, grab tickets to world-class events, and explore new DeFi opportunitiesâ€”all easily accessible within your Tonkeeper Browser.

Hereâ€™s whatâ€™s new:

ğŸ Drifterz â€“ A high-speed racing game where every car, track, and competition keeps the adrenaline pumping. And now, the Tonkeeper Car is hitting the track! With a x1.2 PTS multiplier, this exclusive vehicle gives you an extra edge. Complete the Tonkeeper task in Drifterz or grab it directly from the Drifterz Market!

ğŸŸ Ticketz.com â€“ Your gateway to the biggest sports events worldwide. From Formula 1 and Premier League to NBA, MotoGP, and Tennis Grand Slams, getting tickets has never been easier. Pay with credit/debit cards or over 200 cryptocurrencies and enjoy a smooth, stress-free booking experience.

ğŸ’° Factorial Finance â€“ A next-gen DeFi platform built for flexible lending and borrowing on TON. With modular lending pools and automated vault strategies, it simplifies DeFi while providing powerful tools for both everyday users and institutional players.

ğŸ“² Jump in now! Open Tonkeeper, head to the Browser section, and start exploring.

ğŸ‘‰Please note that Tonkeeper shares news for informational purposes only and does not provide financial advice. Do Your Own Research.

Download Tonkeeper tonkeeper.com
Follow: en Â· ru Â· ÙØ§Ø±Ø³ÛŒ Â· ä¸­æ–‡ Â· uz Â· twitter Â· discord",2025-03-04 14:00:40+00:00,1520,0,0,-0.06418409155930327,67d4738009cc510e4c1c663a
Tonkeeper News,tonkeeper_news,"ğŸ Animated Telegram Gifts Are Now in Tonkeeper

Your Tonkeeper wallet just got even more dynamic! iOS & Android now support animated Telegram gifts, bringing motion and life to your digital collectibles. 

ğŸ’¡ You can convert your Telegram gifts into NFTs and display or trade them directly in your Tonkeeper wallet.

Hereâ€™s how:

Upgrade Your Gift â€“ Some gifts can be upgraded using stars in your Telegram profile. The upgrade cost gradually decreases until it reaches 25 stars. Once upgraded, thereâ€™s a 21-day waiting period before it can be converted into an NFT.

Convert to NFT â€“ After the 21-day Period 
1. Open Telegram
2. Select your gift
3. Choose â€œSend via blockchain.â€ 

This will take you to fragment.com, where you can finalize the transfer to your Tonkeeper wallet address .

âœ¨Once your gift is converted into an NFT, you can display it in your collectibles section in Tonkeeper or trade it on the NFT marketplaces listed in the ""NFT"" section of Tonkeeperâ€™s Browser.

Download the latest version on Google Play and the App Store today and enjoy the new animations!

Download Tonkeeper tonkeeper.com
Follow: en Â· ru Â· ÙØ§Ø±Ø³ÛŒ Â· ä¸­æ–‡ Â· uz Â· twitter Â· discord",2025-03-03 17:00:00+00:00,1164,0,0,-0.19206500973792417,67d4738009cc510e4c1c663b
Tonkeeper News,tonkeeper_news,"ğŸ‘½ TONAPI Airdrop by Tonkeeper: Scalable Token Distribution for Developers on TON

The TONAPI Airdrop feature, developed by the Tonkeeper team, provides a stable, efficient, and cost-effective way for developers to distribute Jettonsâ€”the native token standard of TON. Supporting up to 10 million claims, it simplifies large-scale token distribution across gaming and community incentives.

ğŸ‘¥ Seamless Airdrops for Growing Communities

Airdrops play a crucial role in onboarding users and expanding Web3 projects. TONAPI Airdrop eliminates technical barriers, allowing token creators to distribute assets with a minimal deployment fee. Whether rewarding engaged users or introducing new tokens, this tool ensures a frictionless experience for both projects and their communities.

ğŸ”‘ Key Features:
Streamlined Distribution: Upload a .csv, select your token, and launch instantly.
Scalable & Secure: Supports up to 10 million claims with built-in security.
Efficient for Developers: No complex minting required, making token distribution seamless.

Airdrops in Action: Memhash & the TON Ecosystem

ğŸ´â€â˜  Memhash, a blockchain-powered Telegram mini-app, is the first project to adopt TONAPI Airdrop, using it to increase engagement, simplify token rewards, and strengthen its in-game economy. As Web3 adoption grows, tools like this make it easier for projects to reach users directly, distribute tokens fairly, and encourage ecosystem participation.

About TONAPI 

TONAPI Airdrop is part of a broader suite of developer tools from the Tonkeeper team, including TON Connect, Tonkeeper Battery, Gasless USDT, and Notcoin features. With TONAPI powering over 80% of projects in the TON ecosystem, this feature reinforces a stable infrastructure for developers and ensures a seamless experience for users across the TON network.

ğŸ‘‰ TONAPI Airdrop is making token distribution more accessible, scalable, and community-driven than ever before.

Download Tonkeeper tonkeeper.com
Follow: en Â· ru Â· ÙØ§Ø±Ø³ÛŒ Â· ä¸­æ–‡ Â· uz Â· twitter Â· discord",2025-02-28 13:00:01+00:00,2019,0,0,-0.012822600520946081,67d4738109cc510e4c1c663c
Tonkeeper News,tonkeeper_news,"ğŸ´â€â˜  Memhash Claim is Live â€“ Manage Your Assets in Tonkeeper!

Memhash, the Telegram mini-app game, has enabled claims!
ğŸ’µYou can now withdraw, receive, and swap your Memhash rewards effortlessly in Tonkeeper, giving you full control of your assets in just a few taps.

ğŸ˜ This distribution was made possible thanks to TONAPI Airdrop, a tool designed for secure and scalable token claims across the TON ecosystem. With this feature, projects like Memhash can efficiently distribute rewards to their communities without extra steps or technical barriers, ensuring a smooth experience for all users.

The TONAPI Airdrop feature, developed by the Tonkeeper team, provides a stable, efficient, and cost-effective way for projects to distribute Jettonsâ€”the native token standard of TON. Supporting up to 10 million claims, it simplifies large-scale token distribution across gaming and community incentives.

ğŸ”— Check more details on TONAPI here.

Download Tonkeeper tonkeeper.com
Follow: en Â· ru Â· ÙØ§Ø±Ø³ÛŒ Â· ä¸­æ–‡ Â· uz Â· twitter Â· discord",2025-02-28 09:15:11+00:00,1025,0,0,-0.13748277204707943,67d4738109cc510e4c1c663d
Tonkeeper News,tonkeeper_news,"ğŸ”‹Get readyâ€”$MEMHASH is coming to Tonkeeper Battery!

â˜Youâ€™ll soon be able to top up your Battery with $MEMHASH from Memhash, making it easier than ever to cover transaction fees. No hassle, no extra stepsâ€”just smooth token transfers, swaps, and NFT transactions.

âš¡ï¸ How It Will Work:

1. Open Tonkeeper
2. Transfer $MEMHASH to your Tonkeeper wallet
3. Instantly charge your Battery with $MEMHASH.

Prepare for the upcoming launchâ€”stay tuned as $MEMHASH goes live on February 28th!

Download Tonkeeper tonkeeper.com
Follow: en Â· ru Â· ÙØ§Ø±Ø³ÛŒ Â· ä¸­æ–‡ Â· uz Â· twitter Â· discord",2025-02-27 13:00:31+00:00,569,0,0,-0.15446856162354067,67d4738109cc510e4c1c663e
Tonkeeper News,tonkeeper_news,"â¤ï¸Advanced Features and Flexibility with Tonkeeper Pro

ğŸ” Tonkeeper Pro is designed for users who need more control, flexibility, and security when managing digital assets. With advanced tools, multi-platform support, and enhanced transactions, it streamlines crypto management for both individuals and businesses.

ğŸ”¹ Key Features:

Multi-Send â€“ Send up to 255 transactions at once for bulk payments, giveaways, or token distributions.
Multisig Wallets â€“ Secure transactions with multi-signature approvalsâ€”ideal for teams, DAOs, and businesses.
Multi-Accounts â€“ Organize holdings, airdrops, and NFTs under one account.
Gasless Transactions & Tonkeeper Battery â€“ Swap & transfer select tokens without holding TON for fees.
Gift Battery â€“ Send Battery charges to friends, ensuring seamless transactions.
Ledger Support â€“ Keep private keys offline with Ledger hardware integration.

Flexible Access:
Free Version â€“ Essential features for secure and smooth crypto transactions.
Pro Subscription â€“ Unlocks automation, bulk transactions, and enhanced security for power users, businesses, and developers.

ğŸŒ Available on All Major Platforms â€“ Use Tonkeeper Pro on iPad, Linux, Web, and Desktop.

Download Tonkeeper Pro  tonkeeper.com/pro
Follow: en Â· ru Â· ÙØ§Ø±Ø³ÛŒ Â· ä¸­æ–‡ Â· uz Â· twitter Â· discord",2025-02-20 18:00:28+00:00,1285,0,0,-0.1512007744589613,67d4738109cc510e4c1c663f
Tonkeeper News,tonkeeper_news,"ğŸ¥³ Tonkeeper Adventure Rewards are Coming!

In Season 2 of Tonkeeper Adventure, we were supported by our partners â€“ EVAA, Getgems, and Tonstakers. Weâ€™ve tallied up the results and are thrilled to announce the winners of Tonkeeper, Getgems and EVAA blocks. Check this document.

The prize pool will be delivered to your wallets within three days. ğŸ‘€ Keep an eye on your wallets!

ğŸ’° Prizes: $15,000 in rewards & 1,000,000 EVAA XP pool!

Reminder: Those who completed Tonkeeperâ€™s tasks will receive the unique Tonkeeper SBT â€“ Arctic Cyan SBT. 

It is unique collectible available only during the second season of our campaign. Radiating a sleek icy cyan, this SBT is a token of your participation in this exciting chapter of the TON ecosystem.

Thank you for your patience and for being part of the adventure! ğŸ’

Download Tonkeeper tonkeeper.com
Follow: en Â· ru Â· ÙØ§Ø±Ø³ÛŒ Â· ä¸­æ–‡ Â· uz Â· twitter Â· discord",2025-02-14 21:13:04+00:00,894,0,0,-0.14200915113023765,67d4738109cc510e4c1c6640
Tonkeeper News,tonkeeper_news,"ğŸ” Spotting Testnet Scams and Protecting Your Funds

Scammers are tricking users by sending testnet TON instead of mainnet TON, making it seem like a legitimate payment. Once the victim sends crypto or an item in return, the scammer disappearsâ€”leaving them with worthless testnet funds.

How to Protect Yourself:

ğŸ”¹ Check if your wallet is on the mainnet. Testnet and mainnet are completely separate networksâ€”you cannot send funds between them.
ğŸ”¹ Verify your wallet address format. Mainnet addresses always start with UQ or EQ, while testnet addresses start with 0Q or KQ.
ğŸ”¹ Use trusted P2P platforms for exchanges and always double-check transactions.
ğŸ”¹ Be cautious. If a deal seems suspicious, donâ€™t proceed.
ğŸ”¹ Need help? Contact our support team at @tonkeeper.

ğŸ‘‰ Stay alert and always confirm youâ€™re on the mainnet before accepting payments!

Download Tonkeeper tonkeeper.com
Follow: en Â· ru Â· ÙØ§Ø±Ø³ÛŒ Â· ä¸­æ–‡ Â· uz Â· twitter Â· discord",2025-02-14 15:00:42+00:00,932,0,0,-0.1326979950281021,67d4738109cc510e4c1c6641
Tonkeeper News,tonkeeper_news,"ğŸ”‹ W5 Gasless Transactions with Tonkeeper 

Tonkeeper makes transacting and life on crypto effortless. With Battery & Gasless Transactions, you can swap tokens, transfer assets, and explore TON dApps without needing to buy TON first. Tonkeeper offers multiple ways to cover fees, including major tokens, in-app purchases, and flexible alternatives, so you can focus on what mattersâ€”getting the most out of your crypto experience.

W5 Gasless Transactions â€“ Swap and transfer select tokens without holding TON for gas. Fees are covered directly from your balance in: 

TON, USDT, jUSDT, NOT, tsTON, DOGS, CATI, HMSTR, CATS, X, MAJOR, PX, and BUILD.

Tonkeeper Battery â€“ A prepaid balance that automatically covers transaction fees when you donâ€™t have TON. Charge it using a variety of supported tokens and cards, and use it for NFTs, staking, swaps, and more. 

Tonkeeper Battery supports: 

USDT, DOGS, NOT, TON, CATI, CATS, tsTON, X, MAJOR, PX, BUILD.

Choose from three preset packs of small, medium, and large. Or enter any manual amount for custom top-ups.

ğŸ Gift Battery: Give the gift of transaction freedom! With the Gift Battery feature, simply enter a recipientâ€™s wallet address and send them as many charges as you like.

ğŸ’¡ Whatâ€™s the difference?

Gasless â€“ No extra setup, works only for select fungible tokens. Gasless transactions work only with W5 standard. 

Battery â€“ Covers fees for all transactions, including NFTs and DeFi actions.

Top up your Tonkeeper Battery today and cover fees with ease!âš¡ï¸

Download Tonkeeper tonkeeper.com
Follow: en Â· ru Â· ÙØ§Ø±Ø³ÛŒ Â· ä¸­æ–‡ Â· uz Â· twitter Â· discord",2025-02-07 17:01:28+00:00,1603,0,0,-0.024580620884992466,67d4738109cc510e4c1c6642
Tonkeeper News,tonkeeper_news,"Tonkeeper Adventure Season 2 has officially ended!ğŸ‰

Season 2 of Tonkeeper Adventure has ended, and we would like to thank everyone who participated and explored the TON ecosystem with us and our partners Evaa, Getgems, and Tonstakers. Participants used Tonkeeperâ€™s features and partner dApps to unlock rewards, experience DeFi utilities, stake TON, and collect unique NFTs.

ğŸ“œ Prize distribution:

Winners will be chosen randomly and announced next week. Prizes will also be distributed by the end of next weekâ€”keep an eye on your wallet!

Also, all participants who complete quests from Tonkeeper will receive a unique Arctic Cyan Tonkeeper SBT, a unique collectible available only during the second season of our campaign. Radiating a sleek icy cyan, this SBT is a token of your participation in this exciting chapter of the TON ecosystem.

Whatâ€™s Next?

Bigger rewards, exciting new tasks, and even more ways to win. We hope these adventures bring discoveries on TON, and the next one will offer even more ways to explore life in crypto.

See you on the next journey! ğŸš€

Download Tonkeeper tonkeeper.com
Follow: en Â· ru Â· ÙØ§Ø±Ø³ÛŒ Â· ä¸­æ–‡ Â· uz Â· twitter Â· discord",2025-02-04 15:00:28+00:00,1161,0,0,-0.19493777880239804,67d4738109cc510e4c1c6643
Tonkeeper News,tonkeeper_news,"ğŸ“² Access dApps directly in Tonkeeper

Accessing the TON ecosystem has never been more seamless. With Tonkeeperâ€™s in-app browser, you can explore some of the most popular dApps on TON, including DeFi platforms, NFT marketplaces, and utilities for living life and making purchases on crypto. The browser section is your gateway to discover new Telegram dApps and try new updates, like turning Telegram digital gifts into tradable NFTs. Get access to dApps in the mobile Tonkeeper app and @tonkeeper.

âš¡ï¸DeFi Opportunities

Easily stake, swap, and explore yield farming on top DeFi platforms.

ğŸŒ Digital Nomad Tools

Enjoy discounted purchases with crypto for everything from VPNs to gift cards and subscriptions.

ğŸ¨ NFT Collectibles

Discover unique NFTs, including Telegram usernames and private numbers, to collect and trade.

Explore and earn rewards with Tonkeeper Adventure, running until February 3 in partnership with Tonstakers, Evaa, and Getgems. Donâ€™t miss outâ€”start completing Tonkeeper Adventure tasks today and secure your spot in the reward pool!

You can earn rewards by completing Tonkeeper tasks in dApps across the TON ecosystem. Currently, there are bonus reward opportunities in @JoinRoko. Head to Quests and then Satellites to complete Tonkeeper tasks and stack extra rewards!

Download Tonkeeper tonkeeper.com
Follow: en Â· ru Â· ÙØ§Ø±Ø³ÛŒ Â· ä¸­æ–‡ Â· uz Â· twitter Â· discord",2025-01-29 11:03:17+00:00,1383,0,0,-0.12970888681246356,67d4738109cc510e4c1c6644
Tonkeeper News,tonkeeper_news,"ğŸ”‹ Exciting news for PX holdersâ€”you can now top up your Tonkeeper Battery using PX!

Tonkeeper now supports tokens from Not Pixel! PX holders can now conveniently use their tokens to cover transaction fees with Tonkeeper Battery. Seamlessly charge your battery in just a few taps and enjoy smooth token transfers, swaps, and NFT transactions.

âš¡ï¸ How It Works:

1ï¸âƒ£ Open Tonkeeper;
2ï¸âƒ£ Transfer your PX to Tonkeeper;
3ï¸âƒ£ Use PX to purchase battery charges instantly.

Or use this link to open the app immediately and top up your Battery balance in PX!

Download Tonkeeper tonkeeper.com
Follow: en Â· ru Â· ÙØ§Ø±Ø³ÛŒ Â· ä¸­æ–‡ Â· uz Â· twitter Â· discord",2025-01-25 10:15:00+00:00,638,0,0,-0.13195135308537992,67d4738109cc510e4c1c6645
Tonkeeper News,tonkeeper_news,"ğŸ‰ A quick reminder: Season 2 of Tonkeeper Adventure is live! 

Step into the world of crypto and experience how seamless, rewarding, and exciting life on the TON ecosystem can be. Complete exciting tasks, and unlock rewards with our partners Evaa, Getgems, and Tonstakers. Whether you participated in Season 1 or are joining for the first time, everyone is welcome! ğŸŒŸ

Already joined Season 1? Great news! You can still take part in Season 2 and earn another unique Tonkeeper SBT. Those who collect every seasonâ€™s SBT will receive a bonus reward at the end!

ğŸ’° Prizes: $15,000 in rewards & 1,000,000 EVAA XP pool!

Prize Distribution: 

100 winners will receive $20 each 
200 winners will receive $10 each 
200 winners will receive $5 each 

For EVAA, the 1,000,000 EVAA XP rewards pool will be evenly distributed among all participants who meet the qualification requirements.

How to Participate?

1.ğŸ§­ Join the adventure here.
2. Complete Tonkeeper and Partner tasks across all four blocks.
3. Learn, engage, and win rewards!

â° Event Ends Feb 3, So finish while you can!

Donâ€™t miss your chance to explore, learn, and win in the TON ecosystem.

Download Tonkeeper tonkeeper.com
Follow: en Â· ru Â· ÙØ§Ø±Ø³ÛŒ Â· ä¸­æ–‡ Â· uz Â· twitter Â· discord",2025-01-22 16:04:54+00:00,1234,0,0,-0.1693234058835798,67d4738109cc510e4c1c6646
Tonkeeper News,tonkeeper_news,"ğŸš€With Tonkeeper by your side as your go-to non-custodial wallet, you can explore a world of mini apps on Telegram and TONâ€”from gaming and finance to productivity and social tools.

Today, weâ€™re diving into Memhash â€” a mini-application that became a phenomenon, the first game with mining mechanics that set a new meta in the ecosystem. Memhash is one of the ecosystemâ€™s most successful applications, excelling in both revenue and user engagement.Its popularity reached such heights that Pavel Durov mentioned the game on his social media, highlighting its impact and uniqueness.

â›ï¸ But what exactly is mining? Itâ€™s the process of confirming transactions and adding them to the blockchain. Miners validate data and secure the network, earning cryptocurrency rewards for their work.

Memhash mimics this process, where users compete to find valid hashes and earn block rewards. Mining requires energy, which replenishes over time and can be boosted through daily quests, upgrades, and in-app purchases.

With a 1B total supply and an inflationary model, rewards start at 500 tokens per block and gradually increase. The game also features halving, reducing rewards by 1% every 10K blocks until they stabilize at 10%.

Building on its innovative foundation, Memhash is among the first to adopt the Jetton Airdrop feature* through TonConsole, setting a new milestone in its in-game economy. This integration offers players a simple way to claim rewards directly via Tonkeeper, enhancing both the in-game economy and player experience.

By combining mining-inspired mechanics, a sustainable economy, and seamless token distribution, Memhash continues to lead the way in blockchain gaming.

*The Jetton Airdrop feature is an external API for claiming tokens. Partners will connect to this API and users can easily redeem tokens or rewards.

The information provided by Tonkeeper and any related services, content or materials is for general informational purposes only. It does not constitute financial, investment, trading, or other professional advice. Before making any financial or trading decisions, you should consult with a qualified financial advisor. Tonkeeper assumes no responsibility for any losses or damages resulting from reliance on the information provided or use of its services.

Download Tonkeeper tonkeeper.com
Follow: en Â· ru Â· ÙØ§Ø±Ø³ÛŒ Â· ä¸­æ–‡ Â· uz Â· twitter Â· discord",2025-01-21 18:37:11+00:00,2380,0,0,0.05935230488625376,67d4738209cc510e4c1c6647
Tonkeeper News,tonkeeper_news,"Welcome to all our new community members!ğŸ‰

And a big thank you to everyone who's been with us on this journey ğŸ’™

We're honored to have you as part of the Tonkeeper community. Tonkeeper is more than just a walletâ€”it's your gateway to the TON ecosystem and life on crypto. Whether you're new to the world of crypto, a seasoned degen, or simply exploring out of curiosity, Tonkeeper is here for every step of your journey. 

With Tonkeeper, managing your digital assets is simple, seamless, and user-friendly. Explore a world of possibilities, like:

âœ… Built-in exchanges
âœ… Staking opportunities
âœ… NFT functionality
âœ… Easy interaction with mini-apps

All of this is packed into one intuitive and secure app designed to make crypto simple and accessible. As you can see, even buying and selling crypto is as easy as a few taps! ğŸ’¡

Need help? Contact our AI bot @tonkeeper or email support@tonkeeper.com.
But remember, we will NEVER DM you firstâ€”stay vigilant and keep your assets safe!

Welcome aboard, and enjoy exploring the TON ecosystem with Tonkeeper! ğŸ’

Download Tonkeeper tonkeeper.com
Follow: en Â· ru Â· ÙØ§Ø±Ø³ÛŒ Â· ä¸­æ–‡ Â· uz Â· twitter Â· discord",2025-01-16 10:00:01+00:00,1143,0,0,-0.20353751036842155,67d4738209cc510e4c1c6648
Tonkeeper News,tonkeeper_news,"ğŸš€ Tonkeeper Adventure: Extended Holiday Season

Season 2 of Tonkeeper Adventure is hereâ€”an Extended Holiday Season thatâ€™s all about starting the year by exploring what life on crypto really looks like. Weâ€™re extending Holidays with more rewards and exciting tasks to help you dive into the TON ecosystem, learn, and discover tools that make crypto simple and useful every day.

In collaboration with Evaa for DeFi solutions, Getgems as your go-to NFT marketplace, and Tonstakers for trusted staking, weâ€™ve designed a fun, gamified experience to show how seamless and rewarding exploring TON can be. 

â° Season 2 Duration: 13.01-3.02

How It Works 

The season is divided into four blocks, each with specific tasks that unlock new opportunities and rewards. Complete tasks across blocks to unlock rewards! 
You'll start by exploring Tonkeeper, then take on partner challenges to learn even more about EVAA, Getgems, and Tonstakers. 

ğŸ† Prize Pool

- Tonstakers â€“ $5,000 USDT prize pool
- Tonkeeper â€“ $5,000 USDT prize pool
- Getgems â€“ $5,000 USDT prize pool
- EVAA â€“ 1,000,000 EVAA XP rewards pool

ğŸ’° Prize Distribution

The total prize pool will be distributed randomly among participants who complete each partnerâ€™s block. For Tonstakers, Tonkeeper, and Getgems, the prizes are allocated as follows:

- 100 winners will receive $20 each
- 200 winners will receive $10 each
- 200 winners will receive $5 each

For EVAA, the 1,000,000 EVAA XP rewards pool will be evenly distributed among all participants who meet the qualification requirements.

Exclusive Tonkeeper SBT

Claim the Arctic Cyan Tonkeeper SBT, a unique collectible available only during the second season of our campaign. Radiating a sleek icy cyan, this SBT is a token of your participation in this exciting chapter of the TON ecosystem.

ğŸ§­ How to Get Started

1. Join the Tonkeeper Adventure from Mobile.
2. Complete Tonkeeper and Partner tasks across all four blocks.
3. Learn, engage, and win rewards!

Donâ€™t miss your chance to start the year with Tonkeeper Adventure and discover all that life on the TON ecosystem has to offer.

Download Tonkeeper tonkeeper.com
Follow: en Â· ru Â· ÙØ§Ø±Ø³ÛŒ Â· ä¸­æ–‡ Â· uz Â· twitter Â· discord",2025-01-13 13:17:47+00:00,2187,0,0,0.01181543003780916,67d4738209cc510e4c1c6649
Tonkeeper News,tonkeeper_news,"DAOs: Where Web3 and Community Merge

DAOs represent the merging of Web3 innovation with decentralized communities. As the TON ecosystem grows, Tonkeeper becomes an essential tool, empowering users to securely explore decentralized tools and connect with vibrant communities.

ğŸ” What is a DAO?

A DAO is a decentralized organization where members make decisions collectively. From managing treasuries to funding projects and investing in DeFi or NFTs, DAOs eliminate intermediaries and bring transparency to every action.

ğŸš€ Whatâ€™s New?

Today, we announce a strategic partnership with XDAO (Try it here), recognizing Tonkeeper as a key partner in the TON ecosystem. This collaboration brings seamless DAO creation and management directly into the TON ecosystem.

TONxDAO is currently an educational platform for millions to learn about DAOs. With upcoming smart contract integration, users will soon be able to create and manage legally compliant on-chain organizations directly on the TON network within Telegram. This evolution will transform TONxDAO into a full-fledged DAO builder, unlocking even more possibilities for users.

ğŸ’¡ About XDAO

XDAO is an international ecosystem that enables the creation of digital organizations across 40+ blockchains. Its powerful open-source platform lets users manage digital assets, build communities, and leverage DAO technology to bridge real-world activities into the digital space.

The XDAO team envisions a future built on transparent, secure, and accessible technologies. From pooling resources to create physical and digital assets to managing collective funds and engaging in social change, XDAO empowers individuals and communities to embrace the potential of DAOs.

ğŸ”‘ Why Explore DAOs with XDAO?

- Manage treasuries for DeFi, NFT, or GameFi projects.
- Organize transparent fundraising through token sales or grants.
- Collaborate seamlessly with startups, charities, and freelance groups.

As part of this collaboration, you can now find TONxDAO in the Tonkeeper app. Whether you're exploring DAOs, managing assets, or interacting with mini apps like XDAOâ€™s Telegram bot, Tonkeeper is your gateway to decentralized innovation and the growing TON ecosystem.

Download Tonkeeper tonkeeper.com
Follow: en Â· ru Â· ÙØ§Ø±Ø³ÛŒ Â· ä¸­æ–‡ Â· uz Â· twitter Â· discord",2025-01-10 14:50:00+00:00,2299,0,0,0.00986966030648273,67d4738209cc510e4c1c664a
Tonkeeper News,tonkeeper_news,"Power Your Crypto Journey with Tonkeeper Battery! ğŸ”‹

When gas fees slow you down, Tonkeeper Battery keeps you going âš¡ï¸. Breeze through every transaction without stopping to buy TON for gas. Just charge up with a credit card, stablecoins, NOT, or DOGS, and keep your crypto moving. 

Tonkeeper Battery has already powered over 8 million transactions since April 2024 â€” making life on crypto faster and easier for thousands of users! 

Looking to send Battery to someone? ğŸ 

1. Open Settings
2. Click Battery Gift 
3. Enter the recipientâ€™s address and send it to your friend.

Don't forget to like this Video and subscribe to our YouTube channel for more exciting content!âœ¨

Download Tonkeeper tonkeeper.com
Follow: en Â· ru Â· ÙØ§Ø±Ø³ÛŒ Â· ä¸­æ–‡ Â· uz Â· twitter Â· discord",2025-01-07 14:35:11+00:00,760,0,0,-0.1583330051285749,67d4738209cc510e4c1c664b
Tonkeeper News,tonkeeper_news,"Life on Crypto with Tonkeeper âœ¨

Your Tonkeeper wallet isnâ€™t just for holding cryptoâ€”itâ€™s your go-to hub for tools and services that fit into everyday life. ğŸŒ

Imagine topping up your phone with an eSIM while traveling, securing your connection with a VPN, or grabbing a last-minute gift card â€”all in a few taps. With Tonkeeper, crypto becomes a part of your routine when you need it most.

ğŸ…Tonkeeper is pulling a Santa move this holiday season with great deals in partnership with Tokenstore and Ton VPN.

Tokenstore Rewards (Dec 27 â€“ Jan 5)

Buy Amazon, Steam, or even Uber gift cards from Tokenstore in the Browser tab, and you could be 1 of 100 random winners to score:

ğŸ’¸Battery top-ups and cashback in $TON:

- Spend $100+ â€“ $4 cashback + small battery top-up.
- Spend $200+ â€“ $10 cashback + medium battery top-up.
- Spend $400+ â€“ $30 cashback + large battery top-up.

ğŸ›’Open Tokenstore & Participate:

1. Open your Tonkeeper app.
2. Tap Browser and under Digital Nomads, select Tokenstore.
3. Make a purchase over $100 with your Tonkeeper wallet and automatically qualify.

ğŸ†Winners announced within a week of campaign completion!

âœ¨Ton VPN (Dec 29â€“31)

ğŸ”’Get up to 60% off Ton VPN:

1. Open your Tonkeeper app.
2. Tap Browser and under Utilities, find Ton VPN.
3. Discount is automatically applied when purchasing with your Tonkeeper wallet.

Download Tonkeeper   tonkeeper.com
Follow: en Â· ru Â· ÙØ§Ø±Ø³ÛŒ Â· ä¸­æ–‡ Â· uz Â· twitter Â· discord",2024-12-27 17:30:57+00:00,1438,0,0,-0.10417892143941132,67d4738209cc510e4c1c664c
Tonkeeper News,tonkeeper_news,"ğŸ’TON Wrapped 2024 â€” Your On-Chain Highlights!

Celebrate your year in the TON ecosystem with a mini-app designed just for youâ€”relive your milestones, including transaction volume, favorite tokens, and rewards.

ğŸClaim gifts including an AI avatar, a unique image of your TON identity, and TON Society SBT, your exclusive 2024 badge.

Check your TON Highlights: 

Open the TON Wrapped 2024 mini-app on Telegram and connect your Tonkeeper wallet. 

ğŸŒŸReflect, share, and celebrate with TON Wrapped 2024!

Download Tonkeeper   tonkeeper.com
Follow: en Â· ru Â· ÙØ§Ø±Ø³ÛŒ Â· ä¸­æ–‡ Â· uz Â· twitter Â· discord",2024-12-27 15:31:10+00:00,590,0,0,-0.14812571044836115,67d4738209cc510e4c1c664d
Tonkeeper News,tonkeeper_news,"ğŸš€ Big News: Tonkeeperâ€™s New Native iOS App!

Weâ€™ve transitioned from React Native to a fully native iOS app, delivering exciting improvements:

-Faster performance and smoother navigation
-Enhanced security features
-Sleek, optimized design for iOS

Download the updated app from the App Store or visit Tonkeeper.com.

Need help? Contact our AI bot @tonkeeper or email support@tonkeeper.com.

Thank you for being part of the Tonkeeper communityâ€”more updates are on the way!

Download Tonkeeper   tonkeeper.com
Follow: en Â· ru Â· ÙØ§Ø±Ø³ÛŒ Â· ä¸­æ–‡ Â· uz Â· twitter Â· discord",2024-12-26 13:01:32+00:00,563,0,0,-0.15880596108411776,67d4738209cc510e4c1c664e
Tonkeeper News,tonkeeper_news,"ğŸ“² Tonkeeper Pro: Advanced Tools for Crypto Users, Now on iPad

Tonkeeper Pro is the extended version of Tonkeeper, designed for advanced users seeking faster, smoother crypto management. We are incredibly excited to announce that you can now access all Pro features with the all-new iPad app. Your favorite Pro tools on the go!

ğŸ”‘ Why use Tonkeeper Pro?

Multi-Send

Send up to 255 transactions at onceâ€”ideal for bulk payments like salaries, giveaways, or token distributions. Automate processes effortlessly: enter addresses, add comments, and send. Save wallet details for future use.

Multisig Wallets

Add extra security with multisignature wallets requiring multiple approvals for transactions. Perfect for teams or businesses managing shared funds, ensuring no single user has full control.

Multi-Accounts

Manage multiple wallets seamlessly within one Tonkeeper account. Keep savings, business funds, and daily expenses organized, all in one place.

ğŸ”¥ How to Download Tonkeeper Pro

1. Go to App Store on iPad and Download Tonkeeper Pro  
2. Open Tonkeeper Pro 
3. Select the Get Pro button in the bottom-left corner to subscribe.

Hurry! For a limited time, get the subscription for just 8 TON and start enjoying Pro features today. You can also use the free version of Tonkeeper Pro.

Download Tonkeeper Pro  tonkeeper.com/pro
Follow: en Â· ru Â· ÙØ§Ø±Ø³ÛŒ Â· ä¸­æ–‡ Â· uz Â· twitter Â· discord",2024-12-24 16:30:00+00:00,1390,0,0,-0.13099824618078199,67d4738209cc510e4c1c664f
Tonkeeper News,tonkeeper_news,"ğŸ® New Minigames in Tonkeeper Browser on Telegram!

Three new exciting mini-games await you, friends! Race and drift in DRFT Party, cook up NFTs as a Master WONTON Chef, or build alliances and battle in the adventurous world of PinaMania. 

PinaMania is a server-fi game that combines exploration, mining, PVP/PVE battles, and alliances. It offers players an exciting adventure where strategy and skill unlock real-world rewards.

WONTON blends DeFi, NFTs, and gamification to create an engaging play-to-earn experience. Players can collect unique skins and bowls, cook on-chain NFTs, and invest in game assets while connecting with a vibrant community.

Get ready to race, merge, and drift in the WEB3 gaming universe with DRFT Party, brought to you by TonTon Games. Merge cars, unlock exclusive NFTs, and challenge rivals in races. Ready, set... drift!

Get Started: 

1. Open @tonkeeper
2. Connect Tonkeeper Wallet
3. Click Tonkeeper Browser and explore the Games section.

ğŸš€Rewards, community, and excitement are just a game away!

Download Tonkeeper: tonkeeper.com
Follow: en Â· ru Â· ÙØ§Ø±Ø³ÛŒ Â· ä¸­æ–‡ Â· uz Â· twitter Â· discord",2024-12-17 16:00:54+00:00,1122,0,0,-0.17351345469964075,67d4738209cc510e4c1c6650
Tonkeeper News,tonkeeper_news,"Last weekend before Christmas shopping!

Here's everything you might have missed about Tonkeeper and the TON ecosystem this week!

ğŸ“ˆ $TON weekly range: $5.53 â€“ $6.92

ğŸŒ± Ecosystem News:

1) The Open League Mid-Season Results: Farm airdrop points until Dec 17th!
2) TON Accelerator X ByBit: Apply with your project!
3) OKX Invests $5m into TON Ventures: dApp innovation is coming!
4) TON Studio Survey for Devs: Share your opinion!

ğŸ“¢ Content not to miss:

1) Native Trading wih Tradoor: Buy and sell with leverage.
2) Notcoin Launches Earn: Connect your Tonkeeper!
3) Tonkeeper Pro: Multisig, Multi-send, and Multi-accounts - all in one subscription!

Download Tonkeeper  tonkeeper.com
Follow: en Â· ru Â· ÙØ§Ø±Ø³ÛŒ Â· ä¸­æ–‡ Â· uz Â· twitter Â· discord",2024-12-14 12:55:17+00:00,738,0,0,-0.14352468959684855,67d4738209cc510e4c1c6651
Tonkeeper News,tonkeeper_news,"ğŸª™ Tonkeeper x Earn

Great news! Notcoin has launched @Earn â€” an easy way to earn crypto rewards. Just hold tokens and watch your earnings growâ€”no staking or extra steps!

Simply connect ğŸ’ Tonkeeper, pick your pools, and enjoy hourly rewards

How to get started:

1. Open @Earn on Telegram.
2. Connect Tonkeeper.
3 Choose your pools â€” or join them all! TON, Notcoin, DOGS, and more tokens are waiting for you. ğŸ”¥

Download Tonkeeper  tonkeeper.com
Follow: en Â· ru Â· ÙØ§Ø±Ø³ÛŒ Â· ä¸­æ–‡ Â· uz Â· twitter Â· discord",2024-12-11 18:36:51+00:00,499,0,0,-0.03190418752707769,67d4738209cc510e4c1c6652
Tonkeeper News,tonkeeper_news,"ğŸ“ŠMeet Tradoor, your gateway to seamless trading on TON.

Tradoor integrates seamlessly with Tonkeeper, allowing you to trade with leverage while keeping full custody of your assets. With low gas fees, zero price slippage, a liquidity shield, and AI-powered security, Tradoor ensures a fair and secure trading experience for everyone.  

Special offer for new Tonkeeper users:

Trade with Tradoor using Tonkeeper and take part in an exclusive lucky draw to win $500 USDT and 50,000 $DOOR tokens.

Simply trade to win on Tradoor using Tonkeeper. Rewards will be distributed to the top new users automatically next week.

âŒ›ï¸ This offer ends on Friday, 13/12, so start trading now before it's too late!

Get started on Tradoor with Tonkeeper:

- Open â€˜Browserâ€™ tab in your Tonkeeper Wallet. 
- Find the â€˜DeFiâ€™ section and tap the Tradoor icon.
- Tap 'Option'  at the bottom of the screen
- Tap â€˜Connectâ€™ at the bottom of the screen to link your wallet.
- Once the wallet is connected, youâ€™re ready to start trading.

Trade with leverage on Tradoor in three ways:

- Perps Buy (Long) and Sell (Short) crypto with leverage without any expiry.
- Classic Options is like making a price prediction over a certain time. Place a Call option when prices might go up, or a Put option when prices might go down.
-'Double No Touch' (DNT) Options are perfect for when the market is quiet, and you expect low price volatility. Each DNT trade has an upper and lower price level (triggers) - but your strike price must stay in the middle of these triggers!

Disclaimer: This is not financial advice. Trading always carries high risks. Please always conduct your own research before making any investment decisions. Depending on the type of trade you make, each product carries different fees and costs. Double-check them to avoid anything unexpected.

Download Tonkeeper  tonkeeper.com
Follow: en Â· ru Â· ÙØ§Ø±Ø³ÛŒ Â· ä¸­æ–‡ Â· uz Â· twitter Â· discord",2024-12-10 05:00:00+00:00,1920,0,0,-0.0010966289229424886,67d4738209cc510e4c1c6653
Tonkeeper News,tonkeeper_news,"Hey friends! Another week ended, time for another Tonkeeper Weekly Recap!

ğŸ“ˆ $TON weekly range: $6.39 â€“ $7.17

ğŸŒ± Ecosystem News:
1) The Open League Advent Calendar: Check out Days 1 and 2!

2) TON secures a $20m investment from Pantera Capital: Support for the TON ecosystem.

3) Trending Apps Center's Announcement: Meet Extended Streaks.

ğŸ“¢ Content not to miss:
1) New Education Hub Release: Manage your Collectibles in Tonkeeper.

2) Cubes? Integration with Tonkeeper: Exchange natively in your Tonkeeper Browser.

3) How to set up your Signer: A YouTube guide.

4) Find out more about Tonkeeper Pro and purchase a subscription right in the Tonkeeper Browser. Look out for a banner!

- Discord: Join us for community game nights and giveaways
- Twitter: Follow us for the latest updates on Tonkeeper and the TON ecosystem.
 - YouTube: Watch for upcoming videos and shorts featuring wallet tips and more.
- LinkedIn: Discover Web3 developments, TON API updates, and Tonkeeper news.

Check out the blog and follow us everywhere for the latest!

Download Tonkeeper  tonkeeper.com
Follow: en Â· ru Â· ÙØ§Ø±Ø³ÛŒ Â· ä¸­æ–‡ Â· uz Â· twitter Â· discord",2024-12-07 11:00:49+00:00,1133,0,0,-0.20019597468042688,67d4738309cc510e4c1c6654
Tonkeeper News,tonkeeper_news,"â“ Exchange Cubes? in Tonkeeper

Cubes?, the clicker game by TON Punks, lets you break blocks and collect rewards. You can now exchange your question cubes for Mystery Packs!

ğŸ“¦  The base exchange rate is 1 pack for 50 cubes, but the rate can improve depending on your activity in the game. Additionally, the rate can be boosted if you burn $PUNK tokens, allowing you to receive more packs and a better rate.

The ability to open Mystery Packs will be available soon.

How to exchange cubes for Mystery Packs?

1. Open Tonkeeper.
2. Go to the Tonkeeper Browser section, and in the Games tab, select Cubes?

Download Tonkeeper  tonkeeper.com
Follow: en Â· ru Â· ÙØ§Ø±Ø³ÛŒ Â· ä¸­æ–‡ Â· uz Â· twitter Â· discord",2024-12-06 10:00:00+00:00,693,0,0,-0.1312137757762144,67d4738309cc510e4c1c6655
Tonkeeper News,tonkeeper_news,"ğŸ–¼ Education Hub: How to Manage Collectibles in Tonkeeper

What are collectibles? Theyâ€™re unique tokens (like NFTs or SBTs) on a blockchain, collectible, tradable, and easy to manage in Tonkeeper.

Hereâ€™s what you can do:
âœ… Open the 'Collectibles' tab and tap the 'Filtering icon'.  
âœ… Hide unverified tokens or spam in the 'Collectibles' tab.  
âœ… Send NFTs securely with a simple transfer.
âœ… Trade or rent NFTs on marketplaces like Getgems.

Learn more about hiding tokens, managing spam, or sending NFTs on Telegraph.

Download Tonkeeper  tonkeeper.com
Follow: en Â· ru Â· ÙØ§Ø±Ø³ÛŒ Â· ä¸­æ–‡ Â· uz Â· twitter Â· discord",2024-12-04 11:00:01+00:00,607,0,0,-0.13987949329102517,67d4738309cc510e4c1c6656
Tonkeeper News,tonkeeper_news,"If youâ€™re reading this, itâ€™s not too lateâ€”but it will be soon.
Today is the last day to grab Tonkeeper Black Friday deals! ğŸ

Download Tonkeeper  tonkeeper.com
Follow: en Â· ru Â· ÙØ§Ø±Ø³ÛŒ Â· ä¸­æ–‡ Â· uz Â· twitter Â· discord",2024-12-01 17:01:46+00:00,213,0,0,0.14219716851207687,67d4738309cc510e4c1c6657
Tonkeeper News,tonkeeper_news,"Hey friends! Another week ended, time for another Tonkeeper Weekly Recap!

ğŸ“ˆ $TON weekly range: $5.40 â€“ $6.58

ğŸŒ± Ecosystem News:
1) Galxe and TON integration. Compete for a $200,000 prize pool!

2) The New Year Season of The Open League launch! Support TON projects and follow the upcoming airdrops!

3) Bitcoin coming to TON with tgBTC.

ğŸ“¢ Content not to miss:
1) Special Black Friday offers from our partners. Enjoy exclusive promotions in Tonkeeper Browser and a discount on Tonkeeper Pro.

2) Optimise farming with SettleTON. Maximize your rewards with minimum time spent. As always, remember to DYOR.

- Discord: Join us for community game nights and giveaways
- Twitter: Follow us for the latest updates on Tonkeeper and the TON ecosystem.
-YouTube: Watch for upcoming videos and shorts featuring wallet tips and more.
- LinkedIn: Discover Web3 developments, TON API updates, and Tonkeeper news.

Check out the blog and follow us everywhere for the latest!

Download Tonkeeper  tonkeeper.com
Follow: en Â· ru Â· ÙØ§Ø±Ø³ÛŒ Â· ä¸­æ–‡ Â· uz Â· twitter Â· discord",2024-11-30 11:00:00+00:00,1051,0,0,-0.1452880664310634,67d4738309cc510e4c1c6658
Tonkeeper News,tonkeeper_news,"ğŸ”¥ Black Friday with Tonkeeper: Save, Earn, and Win Big!

From Nov 29 to Dec 1, enjoy these exclusive Tonkeeper deals. Check it in Tonkeeper Browser

âœ¨ Cashback with Tokenstore. Get $5 cashback for every $100 spentâ€”redeem as gift cards or game credits!

ğŸ‰ Tonstakers Black Friday Giveaway. Stake at least 5 TON in Tonstakers via Tonkeeper from Nov 29 to Dec 1 and  100 lucky stakers will get Tonkeeper battery charges.

ğŸ¨ Win with Getgems. Buy any NFT over 1 TON on Getgems between Nov 29 to Dec 1 and automatically enter to win a cash prize!

ğŸ“± 30% Off with Mobile. Apply promo code FRIDAY for worldwide connectivity.

ğŸ’³ Fee Discounts with Mercuryo. Lower fees for Indonesian users buying crypto. Check it out in Tonkeeper Browser!

ğŸš€ Earn 7M EVAA XP Rewards. EVAA offers rewards to the top 1 000 users with the highest deposits!

ğŸŒ Up to 50% Off VPN Services. Enjoy secure browsing with automatic discounts via Ton VPN. Discount will automatically be applied at checkout.

ğŸ”¥ Tonkeeper Pro Black Friday Deal. Unlock Pro features (multi-send, accounts, signatures) for just 4 TON !

ğŸ’¡ Learn More
Explore the full details of all offers here.

Download Tonkeeper  tonkeeper.com
Follow: en Â· ru Â· ÙØ§Ø±Ø³ÛŒ Â· ä¸­æ–‡ Â· uz Â· twitter Â· discord",2024-11-29 03:00:44+00:00,1228,0,0,-0.17275232524677453,67d4738309cc510e4c1c6659
Tonkeeper News,tonkeeper_news,"ğŸŒ¾ Maximize Your Farming Returns with SettleTON!

How often do you reinvest your farming rewards? SettleTON makes it effortless! ğŸš€

SettleTON optimizes your farming by automatically reinvesting rewards into liquidity pools. This means you can maximize your APY effortlessly with the power of compound interest.

ğŸš€ Win 50 TON!

Hereâ€™s how to join:

1ï¸âƒ£ Open Tonkeeper browser & Click SettleTON Banner
2ï¸âƒ£ Deposit at least 10 TON via SettleTON
3ï¸âƒ£ Enjoy maximum APY until 15 December

ğŸ‰ On December 20th, weâ€™ll pick 10 winners. Each will receive 5 TON in the SettleTON Mid-Risk Index. The rest of the participants will still enjoy maximum APY rewards for farming TON! Boost your rewards and farm smarter with SettleTON!

ğŸ’¡As always please DYOR. This is not financial advice.

Download Tonkeeper  tonkeeper.com
Follow: en Â· ru Â· ÙØ§Ø±Ø³ÛŒ Â· ä¸­æ–‡ Â· uz Â· twitter Â· discord",2024-11-28 13:01:10+00:00,860,0,0,-0.13745918147261077,67d4738309cc510e4c1c665a
Tonkeeper News,tonkeeper_news,"âš¡ï¸Black Friday Deal: Discount on Tonkeeper Pro

Black Friday is here, and we have a special offer on Tonkeeper Pro. Get the annual subscription for just 4 TON, originally 20 TON!

Why upgrade to Tonkeeper Pro?

With Pro, you get premium tools that elevate your crypto experience:

- Multi-send: Save time by sending to multiple addresses in one go.
- Multi-accounts: Manage all your wallets effortlessly in one place.
- Multi-signature wallets: Enhanced security for your transactions.

Plus the features you already love in Tonkeeper Wallet like Battery and Gasless! 

How to make the purchase:

1ï¸âƒ£ Download Tonkeeper Pro. 

2ï¸âƒ£ Select Get Pro on bottom left and follow the prompts to complete your purchase.

ğŸ’¡ The Black Friday discount will be automatically applied during checkout from November 29th to December 1stâ€”no code needed.

Want to learn more? Check out our detailed Tonkeeper Pro post on Telegram for additional information.

Upgrade and unlock the ultimate crypto management experience with Tonkeeper Pro this Black Friday!

Download Tonkeeper Pro  tonkeeper.com/pro
Follow: en Â· ru Â· ÙØ§Ø±Ø³ÛŒ Â· ä¸­æ–‡ Â· uz Â· twitter Â· discord",2024-11-26 16:01:18+00:00,1136,0,0,-0.20323127396535728,67d4738409cc510e4c1c665b
Tonkeeper News,tonkeeper_news,"ğŸ‡®ğŸ‡© Early Bird Black Friday Special for Indonesian Tonkeeper Users! 

Weâ€™ve partnered with Mercuryo , a leading fiat-to-crypto exchange provider, to bring an exclusive Early Bird Black Friday deal on crypto purchases for Indonesian Tonkeeper users! 

From 25 November to 15 December enjoy special discounts on transaction fees:
BNI, BRI: 1.9%
QRIS: 2.3%
DANA: 3.5%
OVO: 4.2%
ShopeePay: 3.9%

Discounts are available only until December 15. Donâ€™t miss out on this opportunity to save more while making your crypto purchases! ğŸ•’

How to Participate:

1. Open Tonkeeper 
2. Go to Browser Tab 
3. Select Mercuryo 
4. Use one of the payment methods above and enjoy the discounted fees on all your transactions!


Download Tonkeeper  tonkeeper.com
Follow: en Â· ru Â· ÙØ§Ø±Ø³ÛŒ Â· ä¸­æ–‡ Â· uz Â· twitter Â· discord",2024-11-25 18:00:02+00:00,793,0,0,-0.1306264061769813,67d4738409cc510e4c1c665c
Tonkeeper News,tonkeeper_news,"Hey friends! The week is over, so it's time for the Tonkeeper Weekly Recap. 

ğŸ“ˆ $TON weekly range: $5.24 â€“ $5.80

ğŸŒ± Ecosystem News:

1) The Open League New Year Special Edition announcement by TON Society.

2) The start of the Ho Chi Minh Hackers League Bootcamp.

ğŸ“¢ Content not to miss:

1) How to connect your Tonkeeper Wallet to Signer guide.

2) Check the workshop that Tonkeeper developer Maksim Voloshinskii led in the Hackers League Hackathon! In this session, Maksim showed how to build decentralized applications (dApps) with TON API. Building TMA with TON API

3) ğŸŒ And donâ€™t forget that our new blog is live, bringing you detailed insights and guides about TON and Tonkeeper, available in English and Russian.

Hereâ€™s where else you can stay connected:

- Discord: Join us for community game nights and giveaways
- Twitter: Follow us for the latest updates on Tonkeeper and the TON ecosystem.
YouTube: Watch for upcoming videos and shorts featuring wallet tips and more.
- LinkedIn: Discover Web3 developments, TON API updates, and Tonkeeper news.

Check out the blog and follow us everywhere for the latest! 

Download Tonkeeper  tonkeeper.com
Follow: en Â· ru Â· ÙØ§Ø±Ø³ÛŒ Â· ä¸­æ–‡ Â· uz Â· twitter Â· discord",2024-11-23 11:01:44+00:00,1209,0,0,-0.16892982971227044,67d4738409cc510e4c1c665d
Tonkeeper News,tonkeeper_news,"ğŸ¥ Countdown to Tonkeeperâ€™s Black Friday Deals!

This Black Friday, Tonkeeper is teaming up with Tonstakers,  Tokenstore, VPN, Getgems, Mobile, Evaa, and Mercuryo to bring you exclusive deals! ğŸ‰ Enjoy cashback rewards, gift cards, and moreâ€”thereâ€™s an offer for everyone.

Be ready on November 29th until December 1st 

Stay tuned for detailed posts on each partner's amazing offer, and make sure to follow us so you donâ€™t miss out on these incredible deals!

Download Tonkeeper  tonkeeper.com
Follow: en Â· ru Â· ÙØ§Ø±Ø³ÛŒ Â· ä¸­æ–‡ Â· uz Â· twitter Â· discord",2024-11-22 15:00:46+00:00,545,0,0,-0.12212908500283304,67d4738409cc510e4c1c665e
Tonkeeper News,tonkeeper_news,"Boost Your Tonkeeper Security in seconds with Signer 

Tonkeeper is already one of the most secure non-custodial wallets, but we've taken it a step further with Signer, an extra layer of protection that you can set up in less than 30 seconds. It's easy to install and connect to your Tonkeeper wallet. Check out this video to see just how simple enhancing your security can be.

Ready to enhance your security?

ğŸ“¥ Download Signer:
- iOS
- Android

Learn More 
Signer

Download Tonkeeper  tonkeeper.com
Follow: en Â· ru Â· ÙØ§Ø±Ø³ÛŒ Â· ä¸­æ–‡ Â· uz Â· twitter Â· discord",2024-11-21 10:00:15+00:00,555,0,0,-0.15254053227542608,67d4738409cc510e4c1c665f
